category_slug,category_name,product_name,mfr_part_number,hsn_code,gst_rate,country_of_origin,attributes_json,has_image
"floor-tiles","Floor Tiles","Assen Wood Architectural Surface Tile","ARCH-ASSENWOOD-30120","6907","18.00","India","{""anti_skid"":""FALSE"",""tile_size"":""300×1200"",""pei_rating"":""PEI IV"",""tile_finish"":""Rustic"",""tile_pattern"":""Stone"",""tile_material"":""Vitrified (GVT)"",""tiles_per_box"":""3"",""tile_thickness"":""10"",""coverage_per_box"":""11.6"",""water_absorption"":""0.08"",""tile_colour_family"":""Wood"",""floor_application_area"":""Living Room""}","no"
"floor-tiles","Floor Tiles","Oryol Architectural Surface Tile","ARCH-ORYOL-30120","6907","18.00","India","{""anti_skid"":""FALSE"",""tile_size"":""300×1200"",""pei_rating"":""PEI IV"",""tile_finish"":""Rustic"",""tile_pattern"":""Stone"",""tile_material"":""Vitrified (GVT)"",""tiles_per_box"":""3"",""tile_thickness"":""10"",""coverage_per_box"":""11.6"",""water_absorption"":""0.08"",""tile_colour_family"":""Brown"",""floor_application_area"":""Living Room""}","no"
"floor-tiles","Floor Tiles","Oxydart Architectural Surface Tile","ARCH-OXYDART-30120","6907","18.00","India","{""anti_skid"":""FALSE"",""tile_size"":""300×1200"",""pei_rating"":""PEI IV"",""tile_finish"":""Rustic"",""tile_pattern"":""Stone"",""tile_material"":""Vitrified (GVT)"",""tiles_per_box"":""3"",""tile_thickness"":""10"",""coverage_per_box"":""11.6"",""water_absorption"":""0.08"",""tile_colour_family"":""Grey"",""floor_application_area"":""Living Room""}","no"
"floor-tiles","Floor Tiles","Albaster Double Charge Vitrified Tile","DC-ALBASTER-6060","6907","18.00","India","{""anti_skid"":""FALSE"",""tile_size"":""600×600"",""pei_rating"":""PEI IV"",""tile_finish"":""Matte"",""tile_pattern"":""Marble"",""tile_material"":""Double Charge"",""tiles_per_box"":""4"",""tile_thickness"":""9"",""coverage_per_box"":""15.5"",""water_absorption"":""0.1"",""tile_colour_family"":""White"",""floor_application_area"":""Living Room""}","no"
"floor-tiles","Floor Tiles","Delta Double Charge Vitrified Tile","DC-DELTA-6060","6907","18.00","India","{""anti_skid"":""FALSE"",""tile_size"":""600×600"",""pei_rating"":""PEI IV"",""tile_finish"":""Matte"",""tile_pattern"":""Marble"",""tile_material"":""Double Charge"",""tiles_per_box"":""4"",""tile_thickness"":""9"",""coverage_per_box"":""15.5"",""water_absorption"":""0.1"",""tile_colour_family"":""Beige"",""floor_application_area"":""Living Room""}","no"
"floor-tiles","Floor Tiles","Onyx Double Charge Vitrified Tile","DC-ONYX-6060","6907","18.00","India","{""anti_skid"":""FALSE"",""tile_size"":""600×600"",""pei_rating"":""PEI IV"",""tile_finish"":""Matte"",""tile_pattern"":""Marble"",""tile_material"":""Double Charge"",""tiles_per_box"":""4"",""tile_thickness"":""9"",""coverage_per_box"":""15.5"",""water_absorption"":""0.1"",""tile_colour_family"":""Black"",""floor_application_area"":""Living Room""}","no"
"floor-tiles","Floor Tiles","Castro Endless Porcelain Tile","END-CASTRO-60120","6907","18.00","India","{""anti_skid"":""FALSE"",""tile_size"":""600×1200"",""pei_rating"":""PEI IV"",""tile_finish"":""Polished"",""tile_pattern"":""Marble"",""tile_material"":""Vitrified (PGVT)"",""tiles_per_box"":""2"",""tile_thickness"":""10"",""coverage_per_box"":""15.5"",""water_absorption"":""0.05"",""tile_colour_family"":""Grey"",""floor_application_area"":""Living Room""}","no"
"floor-tiles","Floor Tiles","Edison Endless Porcelain Tile","END-EDISON-60120","6907","18.00","India","{""anti_skid"":""FALSE"",""tile_size"":""600×1200"",""pei_rating"":""PEI IV"",""tile_finish"":""Polished"",""tile_pattern"":""Marble"",""tile_material"":""Vitrified (PGVT)"",""tiles_per_box"":""2"",""tile_thickness"":""10"",""coverage_per_box"":""15.5"",""water_absorption"":""0.05"",""tile_colour_family"":""White"",""floor_application_area"":""Living Room""}","no"
"floor-tiles","Floor Tiles","Epic Endless Porcelain Tile","END-EPIC-60120","6907","18.00","India","{""anti_skid"":""FALSE"",""tile_size"":""600×1200"",""pei_rating"":""PEI IV"",""tile_finish"":""Polished"",""tile_pattern"":""Marble"",""tile_material"":""Vitrified (PGVT)"",""tiles_per_box"":""2"",""tile_thickness"":""10"",""coverage_per_box"":""15.5"",""water_absorption"":""0.05"",""tile_colour_family"":""Beige"",""floor_application_area"":""Living Room""}","no"
"floor-tiles","Floor Tiles","Apricot Fullbody Vitrified Tile (Polished)","FB-APRICOT-POL-6060","6907","18.00","India","{""anti_skid"":""FALSE"",""tile_size"":""600×600"",""pei_rating"":""PEI IV"",""tile_finish"":""Polished"",""tile_pattern"":""Stone"",""tile_material"":""Fullbody"",""tiles_per_box"":""4"",""tile_thickness"":""15"",""coverage_per_box"":""15.5"",""water_absorption"":""0.08"",""tile_colour_family"":""Beige"",""floor_application_area"":""Commercial""}","no"
"floor-tiles","Floor Tiles","Butter Fullbody Vitrified Tile","FB-BUTTER-6060","6907","18.00","India","{""anti_skid"":""FALSE"",""tile_size"":""600×600"",""pei_rating"":""PEI IV"",""tile_finish"":""Polished"",""tile_pattern"":""Stone"",""tile_material"":""Fullbody"",""tiles_per_box"":""4"",""tile_thickness"":""15"",""coverage_per_box"":""15.5"",""water_absorption"":""0.08"",""tile_colour_family"":""Beige"",""floor_application_area"":""Commercial""}","no"
"floor-tiles","Floor Tiles","Smoke Fullbody Vitrified Tile","FB-SMOKE-6060","6907","18.00","India","{""anti_skid"":""FALSE"",""tile_size"":""600×600"",""pei_rating"":""PEI IV"",""tile_finish"":""Polished"",""tile_pattern"":""Stone"",""tile_material"":""Fullbody"",""tiles_per_box"":""4"",""tile_thickness"":""15"",""coverage_per_box"":""15.5"",""water_absorption"":""0.08"",""tile_colour_family"":""Grey"",""floor_application_area"":""Commercial""}","no"
"floor-tiles","Floor Tiles","Ambient Grit-Tech Porcelain Tile","GT-AMBIENT-60120","6907","18.00","India","{""anti_skid"":""FALSE"",""tile_size"":""600×1200"",""pei_rating"":""PEI IV"",""tile_finish"":""Grit-Tech"",""tile_pattern"":""Wood"",""tile_material"":""Vitrified (GVT)"",""tiles_per_box"":""2"",""tile_thickness"":""10"",""coverage_per_box"":""15.5"",""water_absorption"":""0.05"",""tile_colour_family"":""Grey"",""floor_application_area"":""Living Room""}","no"
"floor-tiles","Floor Tiles","Mek Grit-Tech Porcelain Tile","GT-MEK-60120","6907","18.00","India","{""anti_skid"":""FALSE"",""tile_size"":""600×1200"",""pei_rating"":""PEI IV"",""tile_finish"":""Grit-Tech"",""tile_pattern"":""Wood"",""tile_material"":""Vitrified (GVT)"",""tiles_per_box"":""2"",""tile_thickness"":""10"",""coverage_per_box"":""15.5"",""water_absorption"":""0.05"",""tile_colour_family"":""Brown"",""floor_application_area"":""Living Room""}","no"
"floor-tiles","Floor Tiles","Timber Ambient Grit-Tech Porcelain Tile","GT-TIMBERAMBIENT-60120","6907","18.00","India","{""anti_skid"":""FALSE"",""tile_size"":""600×1200"",""pei_rating"":""PEI IV"",""tile_finish"":""Grit-Tech"",""tile_pattern"":""Wood"",""tile_material"":""Vitrified (GVT)"",""tiles_per_box"":""2"",""tile_thickness"":""10"",""coverage_per_box"":""15.5"",""water_absorption"":""0.05"",""tile_colour_family"":""Wood"",""floor_application_area"":""Living Room""}","no"
"floor-tiles","Floor Tiles","Ambient GT (Grit-Tech) Porcelain Tile","GVT-AMBIENT-6060","6907","18.00","India","{""anti_skid"":""FALSE"",""tile_size"":""600×600"",""pei_rating"":""PEI IV"",""tile_finish"":""Grit-Tech"",""tile_pattern"":""Wood"",""tile_material"":""Vitrified (GVT)"",""tiles_per_box"":""4"",""tile_thickness"":""10"",""coverage_per_box"":""15.5"",""water_absorption"":""0.05"",""tile_colour_family"":""Grey"",""floor_application_area"":""Living Room""}","yes"
"floor-tiles","Floor Tiles","Ambre Matt Porcelain Tile","GVT-AMBRE-6060","6907","18.00","India","{""anti_skid"":""FALSE"",""tile_size"":""600×600"",""pei_rating"":""PEI IV"",""tile_finish"":""Matte"",""tile_pattern"":""Stone"",""tile_material"":""Vitrified (GVT)"",""tiles_per_box"":""4"",""tile_thickness"":""10"",""coverage_per_box"":""15.5"",""water_absorption"":""0.05"",""tile_colour_family"":""Beige"",""floor_application_area"":""Living Room""}","yes"
"floor-tiles","Floor Tiles","Aryan Matte Porcelain Tile","GVT-ARYAN-6060","6907","18.00","India","{""anti_skid"":""FALSE"",""tile_size"":""600×600"",""pei_rating"":""PEI IV"",""tile_finish"":""Matte"",""tile_pattern"":""Plain"",""tile_material"":""Vitrified (GVT)"",""tiles_per_box"":""4"",""tile_thickness"":""10"",""coverage_per_box"":""15.5"",""water_absorption"":""0.05"",""tile_colour_family"":""Multi"",""floor_application_area"":""Living Room""}","yes"
"floor-tiles","Floor Tiles","Azzule Matte Porcelain Tile","GVT-AZZULE-6060","6907","18.00","India","{""anti_skid"":""FALSE"",""tile_size"":""600×600"",""pei_rating"":""PEI IV"",""tile_finish"":""Matte"",""tile_pattern"":""Plain"",""tile_material"":""Vitrified (GVT)"",""tiles_per_box"":""4"",""tile_thickness"":""10"",""coverage_per_box"":""15.5"",""water_absorption"":""0.05"",""tile_colour_family"":""Blue"",""floor_application_area"":""Living Room""}","yes"
"floor-tiles","Floor Tiles","Bangkok Sugar Porcelain Tile","GVT-BANGKOK-6060","6907","18.00","India","{""anti_skid"":""FALSE"",""tile_size"":""600×600"",""pei_rating"":""PEI IV"",""tile_finish"":""Sugar"",""tile_pattern"":""Stone"",""tile_material"":""Vitrified (GVT)"",""tiles_per_box"":""4"",""tile_thickness"":""10"",""coverage_per_box"":""15.5"",""water_absorption"":""0.05"",""tile_colour_family"":""White"",""floor_application_area"":""Living Room""}","yes"
"floor-tiles","Floor Tiles","Bellisimo Matte Porcelain Tile","GVT-BELLISIMO-6060","6907","18.00","India","{""anti_skid"":""FALSE"",""tile_size"":""600×600"",""pei_rating"":""PEI IV"",""tile_finish"":""Matte"",""tile_pattern"":""Plain"",""tile_material"":""Vitrified (GVT)"",""tiles_per_box"":""4"",""tile_thickness"":""10"",""coverage_per_box"":""15.5"",""water_absorption"":""0.05"",""tile_colour_family"":""Multi"",""floor_application_area"":""Living Room""}","yes"
"floor-tiles","Floor Tiles","Blaze Carvin Porcelain Tile","GVT-BLAZE-6060","6907","18.00","India","{""anti_skid"":""FALSE"",""tile_size"":""600×600"",""pei_rating"":""PEI IV"",""tile_finish"":""Carvin with Structure"",""tile_pattern"":""Marble"",""tile_material"":""Vitrified (GVT)"",""tiles_per_box"":""4"",""tile_thickness"":""10"",""coverage_per_box"":""15.5"",""water_absorption"":""0.05"",""tile_colour_family"":""Brown"",""floor_application_area"":""Living Room""}","yes"
"floor-tiles","Floor Tiles","Bonita Sugar Porcelain Tile","GVT-BONITA-6060","6907","18.00","India","{""anti_skid"":""FALSE"",""tile_size"":""600×600"",""pei_rating"":""PEI IV"",""tile_finish"":""Sugar"",""tile_pattern"":""Plain"",""tile_material"":""Vitrified (GVT)"",""tiles_per_box"":""4"",""tile_thickness"":""10"",""coverage_per_box"":""15.5"",""water_absorption"":""0.05"",""tile_colour_family"":""Multi"",""floor_application_area"":""Living Room""}","yes"
"floor-tiles","Floor Tiles","Brakel Carving Porcelain Tile","GVT-BRAKEL-6060","6907","18.00","India","{""anti_skid"":""FALSE"",""tile_size"":""600×600"",""pei_rating"":""PEI IV"",""tile_finish"":""Carving"",""tile_pattern"":""Plain"",""tile_material"":""Vitrified (GVT)"",""tiles_per_box"":""4"",""tile_thickness"":""10"",""coverage_per_box"":""15.5"",""water_absorption"":""0.05"",""tile_colour_family"":""Multi"",""floor_application_area"":""Living Room""}","yes"
"floor-tiles","Floor Tiles","Brenta Grit-Tech Porcelain Tile","GVT-BRENTA-6060","6907","18.00","India","{""anti_skid"":""FALSE"",""tile_size"":""600×600"",""pei_rating"":""PEI IV"",""tile_finish"":""Grit-Tech"",""tile_pattern"":""Stone"",""tile_material"":""Vitrified (GVT)"",""tiles_per_box"":""4"",""tile_thickness"":""10"",""coverage_per_box"":""15.5"",""water_absorption"":""0.05"",""tile_colour_family"":""Multi"",""floor_application_area"":""Living Room""}","no"
"floor-tiles","Floor Tiles","Brixstone Matt with Structure Porcelain Tile","GVT-BRIXSTONE-6060","6907","18.00","India","{""anti_skid"":""FALSE"",""tile_size"":""600×600"",""pei_rating"":""PEI IV"",""tile_finish"":""Matt with Structure"",""tile_pattern"":""Stone"",""tile_material"":""Vitrified (GVT)"",""tiles_per_box"":""4"",""tile_thickness"":""10"",""coverage_per_box"":""15.5"",""water_absorption"":""0.05"",""tile_colour_family"":""Grey"",""floor_application_area"":""Living Room""}","no"
"floor-tiles","Floor Tiles","Bstone Matte Porcelain Tile","GVT-BSTONE-6060","6907","18.00","India","{""anti_skid"":""FALSE"",""tile_size"":""600×600"",""pei_rating"":""PEI IV"",""tile_finish"":""Matte"",""tile_pattern"":""Stone"",""tile_material"":""Vitrified (GVT)"",""tiles_per_box"":""4"",""tile_thickness"":""10"",""coverage_per_box"":""15.5"",""water_absorption"":""0.05"",""tile_colour_family"":""Multi"",""floor_application_area"":""Living Room""}","yes"
"floor-tiles","Floor Tiles","Canela Matte Porcelain Tile","GVT-CANELA-6060","6907","18.00","India","{""anti_skid"":""FALSE"",""tile_size"":""600×600"",""pei_rating"":""PEI IV"",""tile_finish"":""Matte"",""tile_pattern"":""Plain"",""tile_material"":""Vitrified (GVT)"",""tiles_per_box"":""4"",""tile_thickness"":""10"",""coverage_per_box"":""15.5"",""water_absorption"":""0.05"",""tile_colour_family"":""Multi"",""floor_application_area"":""Living Room""}","yes"
"floor-tiles","Floor Tiles","Cemento Carving Porcelain Tile","GVT-CEMENTO-6060","6907","18.00","India","{""anti_skid"":""FALSE"",""tile_size"":""600×600"",""pei_rating"":""PEI IV"",""tile_finish"":""Carving"",""tile_pattern"":""Plain"",""tile_material"":""Vitrified (GVT)"",""tiles_per_box"":""4"",""tile_thickness"":""10"",""coverage_per_box"":""15.5"",""water_absorption"":""0.05"",""tile_colour_family"":""Multi"",""floor_application_area"":""Living Room""}","yes"
"floor-tiles","Floor Tiles","Coem Carving Porcelain Tile","GVT-COEM-6060","6907","18.00","India","{""anti_skid"":""FALSE"",""tile_size"":""600×600"",""pei_rating"":""PEI IV"",""tile_finish"":""Carving"",""tile_pattern"":""Plain"",""tile_material"":""Vitrified (GVT)"",""tiles_per_box"":""4"",""tile_thickness"":""10"",""coverage_per_box"":""15.5"",""water_absorption"":""0.05"",""tile_colour_family"":""Multi"",""floor_application_area"":""Living Room""}","yes"
"floor-tiles","Floor Tiles","Core Carving Porcelain Tile","GVT-CORE-6060","6907","18.00","India","{""anti_skid"":""FALSE"",""tile_size"":""600×600"",""pei_rating"":""PEI IV"",""tile_finish"":""Carving"",""tile_pattern"":""Plain"",""tile_material"":""Vitrified (GVT)"",""tiles_per_box"":""4"",""tile_thickness"":""10"",""coverage_per_box"":""15.5"",""water_absorption"":""0.05"",""tile_colour_family"":""Multi"",""floor_application_area"":""Living Room""}","yes"
"floor-tiles","Floor Tiles","Costline Carving Porcelain Tile","GVT-COSTLINE-6060","6907","18.00","India","{""anti_skid"":""FALSE"",""tile_size"":""600×600"",""pei_rating"":""PEI IV"",""tile_finish"":""Carving"",""tile_pattern"":""Plain"",""tile_material"":""Vitrified (GVT)"",""tiles_per_box"":""4"",""tile_thickness"":""10"",""coverage_per_box"":""15.5"",""water_absorption"":""0.05"",""tile_colour_family"":""Multi"",""floor_application_area"":""Living Room""}","yes"
"floor-tiles","Floor Tiles","Croto Carvin with Structure Porcelain Tile","GVT-CROTO-6060","6907","18.00","India","{""anti_skid"":""FALSE"",""tile_size"":""600×600"",""pei_rating"":""PEI IV"",""tile_finish"":""Carvin with Structure"",""tile_pattern"":""Marble"",""tile_material"":""Vitrified (GVT)"",""tiles_per_box"":""4"",""tile_thickness"":""10"",""coverage_per_box"":""15.5"",""water_absorption"":""0.05"",""tile_colour_family"":""Multi"",""floor_application_area"":""Living Room""}","yes"
"floor-tiles","Floor Tiles","Davos Carving Porcelain Tile","GVT-DAVOS-6060","6907","18.00","India","{""anti_skid"":""FALSE"",""tile_size"":""600×600"",""pei_rating"":""PEI IV"",""tile_finish"":""Carving"",""tile_pattern"":""Plain"",""tile_material"":""Vitrified (GVT)"",""tiles_per_box"":""4"",""tile_thickness"":""10"",""coverage_per_box"":""15.5"",""water_absorption"":""0.05"",""tile_colour_family"":""Multi"",""floor_application_area"":""Living Room""}","yes"
"floor-tiles","Floor Tiles","Dax Grit-Tech Porcelain Tile","GVT-DAX-6060","6907","18.00","India","{""anti_skid"":""FALSE"",""tile_size"":""600×600"",""pei_rating"":""PEI IV"",""tile_finish"":""Grit-Tech"",""tile_pattern"":""Stone"",""tile_material"":""Vitrified (GVT)"",""tiles_per_box"":""4"",""tile_thickness"":""10"",""coverage_per_box"":""15.5"",""water_absorption"":""0.05"",""tile_colour_family"":""Multi"",""floor_application_area"":""Living Room""}","no"
"floor-tiles","Floor Tiles","Dazzle Carving Porcelain Tile","GVT-DAZZLE-6060","6907","18.00","India","{""anti_skid"":""FALSE"",""tile_size"":""600×600"",""pei_rating"":""PEI IV"",""tile_finish"":""Carving"",""tile_pattern"":""Plain"",""tile_material"":""Vitrified (GVT)"",""tiles_per_box"":""4"",""tile_thickness"":""10"",""coverage_per_box"":""15.5"",""water_absorption"":""0.05"",""tile_colour_family"":""Multi"",""floor_application_area"":""Living Room""}","yes"
"floor-tiles","Floor Tiles","Dicta Carving Porcelain Tile","GVT-DICTA-6060","6907","18.00","India","{""anti_skid"":""FALSE"",""tile_size"":""600×600"",""pei_rating"":""PEI IV"",""tile_finish"":""Carving"",""tile_pattern"":""Plain"",""tile_material"":""Vitrified (GVT)"",""tiles_per_box"":""4"",""tile_thickness"":""10"",""coverage_per_box"":""15.5"",""water_absorption"":""0.05"",""tile_colour_family"":""Multi"",""floor_application_area"":""Living Room""}","yes"
"floor-tiles","Floor Tiles","Dimona Matt with Structure Porcelain Tile","GVT-DIMONA-6060","6907","18.00","India","{""anti_skid"":""FALSE"",""tile_size"":""600×600"",""pei_rating"":""PEI IV"",""tile_finish"":""Matt with Structure"",""tile_pattern"":""Plain"",""tile_material"":""Vitrified (GVT)"",""tiles_per_box"":""4"",""tile_thickness"":""10"",""coverage_per_box"":""15.5"",""water_absorption"":""0.05"",""tile_colour_family"":""Multi"",""floor_application_area"":""Living Room""}","yes"
"floor-tiles","Floor Tiles","District Matte Porcelain Tile","GVT-DISTRICT-6060","6907","18.00","India","{""anti_skid"":""FALSE"",""tile_size"":""600×600"",""pei_rating"":""PEI IV"",""tile_finish"":""Matte"",""tile_pattern"":""Plain"",""tile_material"":""Vitrified (GVT)"",""tiles_per_box"":""4"",""tile_thickness"":""10"",""coverage_per_box"":""15.5"",""water_absorption"":""0.05"",""tile_colour_family"":""Multi"",""floor_application_area"":""Living Room""}","yes"
"floor-tiles","Floor Tiles","Dolca Carvin with Structure Porcelain Tile","GVT-DOLCA-6060","6907","18.00","India","{""anti_skid"":""FALSE"",""tile_size"":""600×600"",""pei_rating"":""PEI IV"",""tile_finish"":""Carvin with Structure"",""tile_pattern"":""Plain"",""tile_material"":""Vitrified (GVT)"",""tiles_per_box"":""4"",""tile_thickness"":""10"",""coverage_per_box"":""15.5"",""water_absorption"":""0.05"",""tile_colour_family"":""Multi"",""floor_application_area"":""Living Room""}","no"
"floor-tiles","Floor Tiles","Dublin Matt with Structure Porcelain Tile","GVT-DUBLIN-6060","6907","18.00","India","{""anti_skid"":""FALSE"",""tile_size"":""600×600"",""pei_rating"":""PEI IV"",""tile_finish"":""Matt with Structure"",""tile_pattern"":""Plain"",""tile_material"":""Vitrified (GVT)"",""tiles_per_box"":""4"",""tile_thickness"":""10"",""coverage_per_box"":""15.5"",""water_absorption"":""0.05"",""tile_colour_family"":""Multi"",""floor_application_area"":""Living Room""}","yes"
"floor-tiles","Floor Tiles","Egeo Carving Porcelain Tile","GVT-EGEO-6060","6907","18.00","India","{""anti_skid"":""FALSE"",""tile_size"":""600×600"",""pei_rating"":""PEI IV"",""tile_finish"":""Carving"",""tile_pattern"":""Plain"",""tile_material"":""Vitrified (GVT)"",""tiles_per_box"":""4"",""tile_thickness"":""10"",""coverage_per_box"":""15.5"",""water_absorption"":""0.05"",""tile_colour_family"":""Multi"",""floor_application_area"":""Living Room""}","yes"
"floor-tiles","Floor Tiles","Elora Matte Porcelain Tile","GVT-ELORA-6060","6907","18.00","India","{""anti_skid"":""FALSE"",""tile_size"":""600×600"",""pei_rating"":""PEI IV"",""tile_finish"":""Matte"",""tile_pattern"":""Plain"",""tile_material"":""Vitrified (GVT)"",""tiles_per_box"":""4"",""tile_thickness"":""10"",""coverage_per_box"":""15.5"",""water_absorption"":""0.05"",""tile_colour_family"":""Multi"",""floor_application_area"":""Living Room""}","yes"
"floor-tiles","Floor Tiles","Elvas Matt with Structure Porcelain Tile","GVT-ELVAS-6060","6907","18.00","India","{""anti_skid"":""FALSE"",""tile_size"":""600×600"",""pei_rating"":""PEI IV"",""tile_finish"":""Matt with Structure"",""tile_pattern"":""Plain"",""tile_material"":""Vitrified (GVT)"",""tiles_per_box"":""4"",""tile_thickness"":""10"",""coverage_per_box"":""15.5"",""water_absorption"":""0.05"",""tile_colour_family"":""Multi"",""floor_application_area"":""Living Room""}","yes"
"floor-tiles","Floor Tiles","Eternity Carving Porcelain Tile","GVT-ETERNITY-6060","6907","18.00","India","{""anti_skid"":""FALSE"",""tile_size"":""600×600"",""pei_rating"":""PEI IV"",""tile_finish"":""Carving"",""tile_pattern"":""Plain"",""tile_material"":""Vitrified (GVT)"",""tiles_per_box"":""4"",""tile_thickness"":""10"",""coverage_per_box"":""15.5"",""water_absorption"":""0.05"",""tile_colour_family"":""Multi"",""floor_application_area"":""Living Room""}","yes"
"floor-tiles","Floor Tiles","Evolution Carving Porcelain Tile","GVT-EVOLUTION-6060","6907","18.00","India","{""anti_skid"":""FALSE"",""tile_size"":""600×600"",""pei_rating"":""PEI IV"",""tile_finish"":""Carving"",""tile_pattern"":""Plain"",""tile_material"":""Vitrified (GVT)"",""tiles_per_box"":""4"",""tile_thickness"":""10"",""coverage_per_box"":""15.5"",""water_absorption"":""0.05"",""tile_colour_family"":""Multi"",""floor_application_area"":""Living Room""}","yes"
"floor-tiles","Floor Tiles","Flakes Carving Porcelain Tile","GVT-FLAKES-6060","6907","18.00","India","{""anti_skid"":""FALSE"",""tile_size"":""600×600"",""pei_rating"":""PEI IV"",""tile_finish"":""Carving"",""tile_pattern"":""Plain"",""tile_material"":""Vitrified (GVT)"",""tiles_per_box"":""4"",""tile_thickness"":""10"",""coverage_per_box"":""15.5"",""water_absorption"":""0.05"",""tile_colour_family"":""Multi"",""floor_application_area"":""Living Room""}","yes"
"floor-tiles","Floor Tiles","Foldvik Carving Porcelain Tile","GVT-FOLDVIK-6060","6907","18.00","India","{""anti_skid"":""FALSE"",""tile_size"":""600×600"",""pei_rating"":""PEI IV"",""tile_finish"":""Carving"",""tile_pattern"":""Plain"",""tile_material"":""Vitrified (GVT)"",""tiles_per_box"":""4"",""tile_thickness"":""10"",""coverage_per_box"":""15.5"",""water_absorption"":""0.05"",""tile_colour_family"":""Multi"",""floor_application_area"":""Living Room""}","yes"
"floor-tiles","Floor Tiles","Glamstone R10B Porcelain Tile","GVT-GLAMSTONE-6060","6907","18.00","India","{""anti_skid"":""FALSE"",""tile_size"":""600×600"",""pei_rating"":""PEI IV"",""tile_finish"":""R10B"",""tile_pattern"":""Stone"",""tile_material"":""Vitrified (GVT)"",""tiles_per_box"":""4"",""tile_thickness"":""10"",""coverage_per_box"":""15.5"",""water_absorption"":""0.05"",""tile_colour_family"":""Grey"",""floor_application_area"":""Living Room""}","no"
"floor-tiles","Floor Tiles","Graniti Carving Porcelain Tile","GVT-GRANITI-6060","6907","18.00","India","{""anti_skid"":""FALSE"",""tile_size"":""600×600"",""pei_rating"":""PEI IV"",""tile_finish"":""Carving"",""tile_pattern"":""Stone"",""tile_material"":""Vitrified (GVT)"",""tiles_per_box"":""4"",""tile_thickness"":""10"",""coverage_per_box"":""15.5"",""water_absorption"":""0.05"",""tile_colour_family"":""Multi"",""floor_application_area"":""Living Room""}","yes"
"floor-tiles","Floor Tiles","Helen Sugar Porcelain Tile","GVT-HELEN-6060","6907","18.00","India","{""anti_skid"":""FALSE"",""tile_size"":""600×600"",""pei_rating"":""PEI IV"",""tile_finish"":""Sugar"",""tile_pattern"":""Plain"",""tile_material"":""Vitrified (GVT)"",""tiles_per_box"":""4"",""tile_thickness"":""10"",""coverage_per_box"":""15.5"",""water_absorption"":""0.05"",""tile_colour_family"":""Multi"",""floor_application_area"":""Living Room""}","yes"
"floor-tiles","Floor Tiles","Hilux R10B Porcelain Tile","GVT-HILUX-6060","6907","18.00","India","{""anti_skid"":""FALSE"",""tile_size"":""600×600"",""pei_rating"":""PEI IV"",""tile_finish"":""R10B"",""tile_pattern"":""Stone"",""tile_material"":""Vitrified (GVT)"",""tiles_per_box"":""4"",""tile_thickness"":""10"",""coverage_per_box"":""15.5"",""water_absorption"":""0.05"",""tile_colour_family"":""Multi"",""floor_application_area"":""Living Room""}","no"
"floor-tiles","Floor Tiles","Idalic Matt with Structure Porcelain Tile","GVT-IDALIC-6060","6907","18.00","India","{""anti_skid"":""FALSE"",""tile_size"":""600×600"",""pei_rating"":""PEI IV"",""tile_finish"":""Matt with Structure"",""tile_pattern"":""Plain"",""tile_material"":""Vitrified (GVT)"",""tiles_per_box"":""4"",""tile_thickness"":""10"",""coverage_per_box"":""15.5"",""water_absorption"":""0.05"",""tile_colour_family"":""Multi"",""floor_application_area"":""Living Room""}","no"
"floor-tiles","Floor Tiles","Inspira Matte Porcelain Tile","GVT-INSPIRA-6060","6907","18.00","India","{""anti_skid"":""FALSE"",""tile_size"":""600×600"",""pei_rating"":""PEI IV"",""tile_finish"":""Matte"",""tile_pattern"":""Plain"",""tile_material"":""Vitrified (GVT)"",""tiles_per_box"":""4"",""tile_thickness"":""10"",""coverage_per_box"":""15.5"",""water_absorption"":""0.05"",""tile_colour_family"":""Multi"",""floor_application_area"":""Living Room""}","yes"
"floor-tiles","Floor Tiles","Jerico Carving Porcelain Tile","GVT-JERICO-6060","6907","18.00","India","{""anti_skid"":""FALSE"",""tile_size"":""600×600"",""pei_rating"":""PEI IV"",""tile_finish"":""Carving"",""tile_pattern"":""Plain"",""tile_material"":""Vitrified (GVT)"",""tiles_per_box"":""4"",""tile_thickness"":""10"",""coverage_per_box"":""15.5"",""water_absorption"":""0.05"",""tile_colour_family"":""Multi"",""floor_application_area"":""Living Room""}","yes"
"floor-tiles","Floor Tiles","Kamen Matt with Structure Porcelain Tile","GVT-KAMEN-6060","6907","18.00","India","{""anti_skid"":""FALSE"",""tile_size"":""600×600"",""pei_rating"":""PEI IV"",""tile_finish"":""Matt with Structure"",""tile_pattern"":""Plain"",""tile_material"":""Vitrified (GVT)"",""tiles_per_box"":""4"",""tile_thickness"":""10"",""coverage_per_box"":""15.5"",""water_absorption"":""0.05"",""tile_colour_family"":""Multi"",""floor_application_area"":""Living Room""}","yes"
"floor-tiles","Floor Tiles","Malaga Matte Porcelain Tile","GVT-MALAGA-6060","6907","18.00","India","{""anti_skid"":""FALSE"",""tile_size"":""600×600"",""pei_rating"":""PEI IV"",""tile_finish"":""Matte"",""tile_pattern"":""Plain"",""tile_material"":""Vitrified (GVT)"",""tiles_per_box"":""4"",""tile_thickness"":""10"",""coverage_per_box"":""15.5"",""water_absorption"":""0.05"",""tile_colour_family"":""Multi"",""floor_application_area"":""Living Room""}","yes"
"floor-tiles","Floor Tiles","Margarita R10B Porcelain Tile","GVT-MARGARITA-6060","6907","18.00","India","{""anti_skid"":""FALSE"",""tile_size"":""600×600"",""pei_rating"":""PEI IV"",""tile_finish"":""R10B"",""tile_pattern"":""Stone"",""tile_material"":""Vitrified (GVT)"",""tiles_per_box"":""4"",""tile_thickness"":""10"",""coverage_per_box"":""15.5"",""water_absorption"":""0.05"",""tile_colour_family"":""Multi"",""floor_application_area"":""Living Room""}","no"
"floor-tiles","Floor Tiles","Marina Matt with Structure Porcelain Tile","GVT-MARINA-6060","6907","18.00","India","{""anti_skid"":""FALSE"",""tile_size"":""600×600"",""pei_rating"":""PEI IV"",""tile_finish"":""Matt with Structure"",""tile_pattern"":""Marble"",""tile_material"":""Vitrified (GVT)"",""tiles_per_box"":""4"",""tile_thickness"":""10"",""coverage_per_box"":""15.5"",""water_absorption"":""0.05"",""tile_colour_family"":""Multi"",""floor_application_area"":""Living Room""}","yes"
"floor-tiles","Floor Tiles","Marte Sugar Porcelain Tile","GVT-MARTE-6060","6907","18.00","India","{""anti_skid"":""FALSE"",""tile_size"":""600×600"",""pei_rating"":""PEI IV"",""tile_finish"":""Sugar"",""tile_pattern"":""Plain"",""tile_material"":""Vitrified (GVT)"",""tiles_per_box"":""4"",""tile_thickness"":""10"",""coverage_per_box"":""15.5"",""water_absorption"":""0.05"",""tile_colour_family"":""Multi"",""floor_application_area"":""Living Room""}","yes"
"floor-tiles","Floor Tiles","Mek Grit-Tech Porcelain Tile","GVT-MEK-6060","6907","18.00","India","{""anti_skid"":""FALSE"",""tile_size"":""600×600"",""pei_rating"":""PEI IV"",""tile_finish"":""Grit-Tech"",""tile_pattern"":""Stone"",""tile_material"":""Vitrified (GVT)"",""tiles_per_box"":""4"",""tile_thickness"":""10"",""coverage_per_box"":""15.5"",""water_absorption"":""0.05"",""tile_colour_family"":""Multi"",""floor_application_area"":""Living Room""}","yes"
"floor-tiles","Floor Tiles","Micron Carvin with Structure Porcelain Tile","GVT-MICRON-6060","6907","18.00","India","{""anti_skid"":""FALSE"",""tile_size"":""600×600"",""pei_rating"":""PEI IV"",""tile_finish"":""Carvin with Structure"",""tile_pattern"":""Plain"",""tile_material"":""Vitrified (GVT)"",""tiles_per_box"":""4"",""tile_thickness"":""10"",""coverage_per_box"":""15.5"",""water_absorption"":""0.05"",""tile_colour_family"":""Multi"",""floor_application_area"":""Living Room""}","yes"
"floor-tiles","Floor Tiles","Milestone Matte Porcelain Tile","GVT-MILESTONE-6060","6907","18.00","India","{""anti_skid"":""FALSE"",""tile_size"":""600×600"",""pei_rating"":""PEI IV"",""tile_finish"":""Matte"",""tile_pattern"":""Stone"",""tile_material"":""Vitrified (GVT)"",""tiles_per_box"":""4"",""tile_thickness"":""10"",""coverage_per_box"":""15.5"",""water_absorption"":""0.05"",""tile_colour_family"":""Multi"",""floor_application_area"":""Living Room""}","yes"
"floor-tiles","Floor Tiles","Morada Carving Porcelain Tile","GVT-MORADA-6060","6907","18.00","India","{""anti_skid"":""FALSE"",""tile_size"":""600×600"",""pei_rating"":""PEI IV"",""tile_finish"":""Carving"",""tile_pattern"":""Plain"",""tile_material"":""Vitrified (GVT)"",""tiles_per_box"":""4"",""tile_thickness"":""10"",""coverage_per_box"":""15.5"",""water_absorption"":""0.05"",""tile_colour_family"":""Multi"",""floor_application_area"":""Living Room""}","yes"
"floor-tiles","Floor Tiles","Morella Carving Porcelain Tile","GVT-MORELLA-6060","6907","18.00","India","{""anti_skid"":""FALSE"",""tile_size"":""600×600"",""pei_rating"":""PEI IV"",""tile_finish"":""Carving"",""tile_pattern"":""Plain"",""tile_material"":""Vitrified (GVT)"",""tiles_per_box"":""4"",""tile_thickness"":""10"",""coverage_per_box"":""15.5"",""water_absorption"":""0.05"",""tile_colour_family"":""Multi"",""floor_application_area"":""Living Room""}","yes"
"floor-tiles","Floor Tiles","Neo Traventino Matte Porcelain Tile","GVT-NEOTRAVENTINO-6060","6907","18.00","India","{""anti_skid"":""FALSE"",""tile_size"":""600×600"",""pei_rating"":""PEI IV"",""tile_finish"":""Matte"",""tile_pattern"":""Plain"",""tile_material"":""Vitrified (GVT)"",""tiles_per_box"":""4"",""tile_thickness"":""10"",""coverage_per_box"":""15.5"",""water_absorption"":""0.05"",""tile_colour_family"":""Multi"",""floor_application_area"":""Living Room""}","yes"
"floor-tiles","Floor Tiles","Netos Grit-Tech Porcelain Tile","GVT-NETOS-6060","6907","18.00","India","{""anti_skid"":""FALSE"",""tile_size"":""600×600"",""pei_rating"":""PEI IV"",""tile_finish"":""Grit-Tech"",""tile_pattern"":""Stone"",""tile_material"":""Vitrified (GVT)"",""tiles_per_box"":""4"",""tile_thickness"":""10"",""coverage_per_box"":""15.5"",""water_absorption"":""0.05"",""tile_colour_family"":""Multi"",""floor_application_area"":""Living Room""}","no"
"floor-tiles","Floor Tiles","Olvera Carving Porcelain Tile","GVT-OLVERA-6060","6907","18.00","India","{""anti_skid"":""FALSE"",""tile_size"":""600×600"",""pei_rating"":""PEI IV"",""tile_finish"":""Carving"",""tile_pattern"":""Plain"",""tile_material"":""Vitrified (GVT)"",""tiles_per_box"":""4"",""tile_thickness"":""10"",""coverage_per_box"":""15.5"",""water_absorption"":""0.05"",""tile_colour_family"":""Multi"",""floor_application_area"":""Living Room""}","yes"
"floor-tiles","Floor Tiles","Onida Matt with Structure Porcelain Tile","GVT-ONIDA-6060","6907","18.00","India","{""anti_skid"":""FALSE"",""tile_size"":""600×600"",""pei_rating"":""PEI IV"",""tile_finish"":""Matt with Structure"",""tile_pattern"":""Plain"",""tile_material"":""Vitrified (GVT)"",""tiles_per_box"":""4"",""tile_thickness"":""10"",""coverage_per_box"":""15.5"",""water_absorption"":""0.05"",""tile_colour_family"":""Multi"",""floor_application_area"":""Living Room""}","yes"
"floor-tiles","Floor Tiles","Orienta Carving Porcelain Tile","GVT-ORIENTA-6060","6907","18.00","India","{""anti_skid"":""FALSE"",""tile_size"":""600×600"",""pei_rating"":""PEI IV"",""tile_finish"":""Carving"",""tile_pattern"":""Plain"",""tile_material"":""Vitrified (GVT)"",""tiles_per_box"":""4"",""tile_thickness"":""10"",""coverage_per_box"":""15.5"",""water_absorption"":""0.05"",""tile_colour_family"":""Multi"",""floor_application_area"":""Living Room""}","yes"
"floor-tiles","Floor Tiles","Orion Sugar Porcelain Tile","GVT-ORION-6060","6907","18.00","India","{""anti_skid"":""FALSE"",""tile_size"":""600×600"",""pei_rating"":""PEI IV"",""tile_finish"":""Sugar"",""tile_pattern"":""Plain"",""tile_material"":""Vitrified (GVT)"",""tiles_per_box"":""4"",""tile_thickness"":""10"",""coverage_per_box"":""15.5"",""water_absorption"":""0.05"",""tile_colour_family"":""Multi"",""floor_application_area"":""Living Room""}","yes"
"floor-tiles","Floor Tiles","Oxide Matte Porcelain Tile","GVT-OXIDE-6060","6907","18.00","India","{""anti_skid"":""FALSE"",""tile_size"":""600×600"",""pei_rating"":""PEI IV"",""tile_finish"":""Matte"",""tile_pattern"":""Plain"",""tile_material"":""Vitrified (GVT)"",""tiles_per_box"":""4"",""tile_thickness"":""10"",""coverage_per_box"":""15.5"",""water_absorption"":""0.05"",""tile_colour_family"":""Multi"",""floor_application_area"":""Living Room""}","yes"
"floor-tiles","Floor Tiles","Palmi Sugar Porcelain Tile","GVT-PALMI-6060","6907","18.00","India","{""anti_skid"":""FALSE"",""tile_size"":""600×600"",""pei_rating"":""PEI IV"",""tile_finish"":""Sugar"",""tile_pattern"":""Plain"",""tile_material"":""Vitrified (GVT)"",""tiles_per_box"":""4"",""tile_thickness"":""10"",""coverage_per_box"":""15.5"",""water_absorption"":""0.05"",""tile_colour_family"":""Beige"",""floor_application_area"":""Living Room""}","yes"
"floor-tiles","Floor Tiles","Pazin Matt with Structure Porcelain Tile","GVT-PAZIN-6060","6907","18.00","India","{""anti_skid"":""FALSE"",""tile_size"":""600×600"",""pei_rating"":""PEI IV"",""tile_finish"":""Matt with Structure"",""tile_pattern"":""Plain"",""tile_material"":""Vitrified (GVT)"",""tiles_per_box"":""4"",""tile_thickness"":""10"",""coverage_per_box"":""15.5"",""water_absorption"":""0.05"",""tile_colour_family"":""Multi"",""floor_application_area"":""Living Room""}","no"
"floor-tiles","Floor Tiles","Pearl Matte Porcelain Tile","GVT-PEARL-6060","6907","18.00","India","{""anti_skid"":""FALSE"",""tile_size"":""600×600"",""pei_rating"":""PEI IV"",""tile_finish"":""Matte"",""tile_pattern"":""Plain"",""tile_material"":""Vitrified (GVT)"",""tiles_per_box"":""4"",""tile_thickness"":""10"",""coverage_per_box"":""15.5"",""water_absorption"":""0.05"",""tile_colour_family"":""Multi"",""floor_application_area"":""Living Room""}","no"
"floor-tiles","Floor Tiles","Pristine Carving Porcelain Tile","GVT-PRISTINE-6060","6907","18.00","India","{""anti_skid"":""FALSE"",""tile_size"":""600×600"",""pei_rating"":""PEI IV"",""tile_finish"":""Carving"",""tile_pattern"":""Plain"",""tile_material"":""Vitrified (GVT)"",""tiles_per_box"":""4"",""tile_thickness"":""10"",""coverage_per_box"":""15.5"",""water_absorption"":""0.05"",""tile_colour_family"":""Multi"",""floor_application_area"":""Living Room""}","yes"
"floor-tiles","Floor Tiles","Prive Matte Porcelain Tile","GVT-PRIVE-6060","6907","18.00","India","{""anti_skid"":""FALSE"",""tile_size"":""600×600"",""pei_rating"":""PEI IV"",""tile_finish"":""Matte"",""tile_pattern"":""Plain"",""tile_material"":""Vitrified (GVT)"",""tiles_per_box"":""4"",""tile_thickness"":""10"",""coverage_per_box"":""15.5"",""water_absorption"":""0.05"",""tile_colour_family"":""Multi"",""floor_application_area"":""Living Room""}","no"
"floor-tiles","Floor Tiles","Rafael Matt with Structure Porcelain Tile","GVT-RAFAEL-6060","6907","18.00","India","{""anti_skid"":""FALSE"",""tile_size"":""600×600"",""pei_rating"":""PEI IV"",""tile_finish"":""Matt with Structure"",""tile_pattern"":""Plain"",""tile_material"":""Vitrified (GVT)"",""tiles_per_box"":""4"",""tile_thickness"":""10"",""coverage_per_box"":""15.5"",""water_absorption"":""0.05"",""tile_colour_family"":""Multi"",""floor_application_area"":""Living Room""}","no"
"floor-tiles","Floor Tiles","Rasa Matte Porcelain Tile","GVT-RASA-6060","6907","18.00","India","{""anti_skid"":""FALSE"",""tile_size"":""600×600"",""pei_rating"":""PEI IV"",""tile_finish"":""Matte"",""tile_pattern"":""Plain"",""tile_material"":""Vitrified (GVT)"",""tiles_per_box"":""4"",""tile_thickness"":""10"",""coverage_per_box"":""15.5"",""water_absorption"":""0.05"",""tile_colour_family"":""Multi"",""floor_application_area"":""Living Room""}","yes"
"floor-tiles","Floor Tiles","Romania Sugar Porcelain Tile","GVT-ROMANIA-6060","6907","18.00","India","{""anti_skid"":""FALSE"",""tile_size"":""600×600"",""pei_rating"":""PEI IV"",""tile_finish"":""Sugar"",""tile_pattern"":""Plain"",""tile_material"":""Vitrified (GVT)"",""tiles_per_box"":""4"",""tile_thickness"":""10"",""coverage_per_box"":""15.5"",""water_absorption"":""0.05"",""tile_colour_family"":""Brown"",""floor_application_area"":""Living Room""}","yes"
"floor-tiles","Floor Tiles","Rowan Carving Porcelain Tile","GVT-ROWAN-6060","6907","18.00","India","{""anti_skid"":""FALSE"",""tile_size"":""600×600"",""pei_rating"":""PEI IV"",""tile_finish"":""Carving"",""tile_pattern"":""Plain"",""tile_material"":""Vitrified (GVT)"",""tiles_per_box"":""4"",""tile_thickness"":""10"",""coverage_per_box"":""15.5"",""water_absorption"":""0.05"",""tile_colour_family"":""Multi"",""floor_application_area"":""Living Room""}","yes"
"floor-tiles","Floor Tiles","Runa Matt with Structure Porcelain Tile","GVT-RUNA-6060","6907","18.00","India","{""anti_skid"":""FALSE"",""tile_size"":""600×600"",""pei_rating"":""PEI IV"",""tile_finish"":""Matt with Structure"",""tile_pattern"":""Plain"",""tile_material"":""Vitrified (GVT)"",""tiles_per_box"":""4"",""tile_thickness"":""10"",""coverage_per_box"":""15.5"",""water_absorption"":""0.05"",""tile_colour_family"":""Multi"",""floor_application_area"":""Living Room""}","yes"
"floor-tiles","Floor Tiles","Sistelo Grit-Tech Porcelain Tile","GVT-SISTELO-6060","6907","18.00","India","{""anti_skid"":""FALSE"",""tile_size"":""600×600"",""pei_rating"":""PEI IV"",""tile_finish"":""Grit-Tech"",""tile_pattern"":""Stone"",""tile_material"":""Vitrified (GVT)"",""tiles_per_box"":""4"",""tile_thickness"":""10"",""coverage_per_box"":""15.5"",""water_absorption"":""0.05"",""tile_colour_family"":""Multi"",""floor_application_area"":""Living Room""}","no"
"floor-tiles","Floor Tiles","Solaro Matte Porcelain Tile","GVT-SOLARO-6060","6907","18.00","India","{""anti_skid"":""FALSE"",""tile_size"":""600×600"",""pei_rating"":""PEI IV"",""tile_finish"":""Matte"",""tile_pattern"":""Plain"",""tile_material"":""Vitrified (GVT)"",""tiles_per_box"":""4"",""tile_thickness"":""10"",""coverage_per_box"":""15.5"",""water_absorption"":""0.05"",""tile_colour_family"":""Multi"",""floor_application_area"":""Living Room""}","yes"
"floor-tiles","Floor Tiles","Tobias Matte Porcelain Tile","GVT-TOBIAS-6060","6907","18.00","India","{""anti_skid"":""FALSE"",""tile_size"":""600×600"",""pei_rating"":""PEI IV"",""tile_finish"":""Matte"",""tile_pattern"":""Plain"",""tile_material"":""Vitrified (GVT)"",""tiles_per_box"":""4"",""tile_thickness"":""10"",""coverage_per_box"":""15.5"",""water_absorption"":""0.05"",""tile_colour_family"":""Multi"",""floor_application_area"":""Living Room""}","yes"
"floor-tiles","Floor Tiles","Town Matt with Structure Porcelain Tile","GVT-TOWN-6060","6907","18.00","India","{""anti_skid"":""FALSE"",""tile_size"":""600×600"",""pei_rating"":""PEI IV"",""tile_finish"":""Matt with Structure"",""tile_pattern"":""Plain"",""tile_material"":""Vitrified (GVT)"",""tiles_per_box"":""4"",""tile_thickness"":""10"",""coverage_per_box"":""15.5"",""water_absorption"":""0.05"",""tile_colour_family"":""Multi"",""floor_application_area"":""Living Room""}","yes"
"floor-tiles","Floor Tiles","Trek Carving Porcelain Tile","GVT-TREK-6060","6907","18.00","India","{""anti_skid"":""FALSE"",""tile_size"":""600×600"",""pei_rating"":""PEI IV"",""tile_finish"":""Carving"",""tile_pattern"":""Plain"",""tile_material"":""Vitrified (GVT)"",""tiles_per_box"":""4"",""tile_thickness"":""10"",""coverage_per_box"":""15.5"",""water_absorption"":""0.05"",""tile_colour_family"":""Multi"",""floor_application_area"":""Living Room""}","yes"
"floor-tiles","Floor Tiles","Tropic Matte Porcelain Tile","GVT-TROPIC-6060","6907","18.00","India","{""anti_skid"":""FALSE"",""tile_size"":""600×600"",""pei_rating"":""PEI IV"",""tile_finish"":""Matte"",""tile_pattern"":""Plain"",""tile_material"":""Vitrified (GVT)"",""tiles_per_box"":""4"",""tile_thickness"":""10"",""coverage_per_box"":""15.5"",""water_absorption"":""0.05"",""tile_colour_family"":""Brown"",""floor_application_area"":""Living Room""}","yes"
"floor-tiles","Floor Tiles","Tubac Matte Porcelain Tile","GVT-TUBAC-6060","6907","18.00","India","{""anti_skid"":""FALSE"",""tile_size"":""600×600"",""pei_rating"":""PEI IV"",""tile_finish"":""Matte"",""tile_pattern"":""Plain"",""tile_material"":""Vitrified (GVT)"",""tiles_per_box"":""4"",""tile_thickness"":""10"",""coverage_per_box"":""15.5"",""water_absorption"":""0.05"",""tile_colour_family"":""Multi"",""floor_application_area"":""Living Room""}","yes"
"floor-tiles","Floor Tiles","Tunisia Matte Porcelain Tile","GVT-TUNISIA-6060","6907","18.00","India","{""anti_skid"":""FALSE"",""tile_size"":""600×600"",""pei_rating"":""PEI IV"",""tile_finish"":""Matte"",""tile_pattern"":""Plain"",""tile_material"":""Vitrified (GVT)"",""tiles_per_box"":""4"",""tile_thickness"":""10"",""coverage_per_box"":""15.5"",""water_absorption"":""0.05"",""tile_colour_family"":""Multi"",""floor_application_area"":""Living Room""}","yes"
"floor-tiles","Floor Tiles","Vennisa Carving Porcelain Tile","GVT-VENNISA-6060","6907","18.00","India","{""anti_skid"":""FALSE"",""tile_size"":""600×600"",""pei_rating"":""PEI IV"",""tile_finish"":""Carving"",""tile_pattern"":""Plain"",""tile_material"":""Vitrified (GVT)"",""tiles_per_box"":""4"",""tile_thickness"":""10"",""coverage_per_box"":""15.5"",""water_absorption"":""0.05"",""tile_colour_family"":""Multi"",""floor_application_area"":""Living Room""}","yes"
"floor-tiles","Floor Tiles","Ventura Matte Porcelain Tile","GVT-VENTURA-6060","6907","18.00","India","{""anti_skid"":""FALSE"",""tile_size"":""600×600"",""pei_rating"":""PEI IV"",""tile_finish"":""Matte"",""tile_pattern"":""Plain"",""tile_material"":""Vitrified (GVT)"",""tiles_per_box"":""4"",""tile_thickness"":""10"",""coverage_per_box"":""15.5"",""water_absorption"":""0.05"",""tile_colour_family"":""Multi"",""floor_application_area"":""Living Room""}","no"
"floor-tiles","Floor Tiles","Visby Carvin with Structure Porcelain Tile","GVT-VISBY-6060","6907","18.00","India","{""anti_skid"":""FALSE"",""tile_size"":""600×600"",""pei_rating"":""PEI IV"",""tile_finish"":""Carvin with Structure"",""tile_pattern"":""Plain"",""tile_material"":""Vitrified (GVT)"",""tiles_per_box"":""4"",""tile_thickness"":""10"",""coverage_per_box"":""15.5"",""water_absorption"":""0.05"",""tile_colour_family"":""Multi"",""floor_application_area"":""Living Room""}","yes"
"floor-tiles","Floor Tiles","Zorani Carving Porcelain Tile","GVT-ZORANI-6060","6907","18.00","India","{""anti_skid"":""FALSE"",""tile_size"":""600×600"",""pei_rating"":""PEI IV"",""tile_finish"":""Carving"",""tile_pattern"":""Plain"",""tile_material"":""Vitrified (GVT)"",""tiles_per_box"":""4"",""tile_thickness"":""10"",""coverage_per_box"":""15.5"",""water_absorption"":""0.05"",""tile_colour_family"":""Multi"",""floor_application_area"":""Living Room""}","yes"
"floor-tiles","Floor Tiles","Antica Moroccan Tile","MOR-ANTICA-6060","6907","18.00","India","{""anti_skid"":""FALSE"",""tile_size"":""600×600"",""pei_rating"":""PEI IV"",""tile_finish"":""Matte"",""tile_pattern"":""Geometric"",""tile_material"":""Ceramic"",""tiles_per_box"":""4"",""tile_thickness"":""9"",""coverage_per_box"":""15.5"",""water_absorption"":""0.1"",""tile_colour_family"":""Multi"",""floor_application_area"":""Living Room""}","no"
"floor-tiles","Floor Tiles","Arica Moroccan Tile","MOR-ARICA-6060","6907","18.00","India","{""anti_skid"":""FALSE"",""tile_size"":""600×600"",""pei_rating"":""PEI IV"",""tile_finish"":""Matte"",""tile_pattern"":""Geometric"",""tile_material"":""Ceramic"",""tiles_per_box"":""4"",""tile_thickness"":""9"",""coverage_per_box"":""15.5"",""water_absorption"":""0.1"",""tile_colour_family"":""Blue"",""floor_application_area"":""Living Room""}","no"
"floor-tiles","Floor Tiles","Bishkek Moroccan Tile","MOR-BISHKEK-6060","6907","18.00","India","{""anti_skid"":""FALSE"",""tile_size"":""600×600"",""pei_rating"":""PEI IV"",""tile_finish"":""Matte"",""tile_pattern"":""Geometric"",""tile_material"":""Ceramic"",""tiles_per_box"":""4"",""tile_thickness"":""9"",""coverage_per_box"":""15.5"",""water_absorption"":""0.1"",""tile_colour_family"":""Multi"",""floor_application_area"":""Living Room""}","no"
"floor-tiles","Floor Tiles","Arena 2.0 Outdoor Tile","OUT2-ARENA-6060","6907","18.00","India","{""anti_skid"":""TRUE"",""tile_size"":""600×600"",""pei_rating"":""PEI IV"",""tile_finish"":""Rustic"",""tile_pattern"":""Stone"",""tile_material"":""Vitrified (GVT)"",""tiles_per_box"":""2"",""tile_thickness"":""20"",""coverage_per_box"":""8.6"",""water_absorption"":""0.1"",""tile_colour_family"":""Grey"",""floor_application_area"":""Commercial""}","no"
"floor-tiles","Floor Tiles","Bstone 2.0 Outdoor Tile","OUT2-BSTONE-6060","6907","18.00","India","{""anti_skid"":""TRUE"",""tile_size"":""600×600"",""pei_rating"":""PEI IV"",""tile_finish"":""Rustic"",""tile_pattern"":""Stone"",""tile_material"":""Vitrified (GVT)"",""tiles_per_box"":""2"",""tile_thickness"":""20"",""coverage_per_box"":""8.6"",""water_absorption"":""0.1"",""tile_colour_family"":""Grey"",""floor_application_area"":""Commercial""}","no"
"floor-tiles","Floor Tiles","Burge 2.0 Outdoor Tile","OUT2-BURGE-6060","6907","18.00","India","{""anti_skid"":""TRUE"",""tile_size"":""600×600"",""pei_rating"":""PEI IV"",""tile_finish"":""Rustic"",""tile_pattern"":""Stone"",""tile_material"":""Vitrified (GVT)"",""tiles_per_box"":""2"",""tile_thickness"":""20"",""coverage_per_box"":""8.6"",""water_absorption"":""0.1"",""tile_colour_family"":""Grey"",""floor_application_area"":""Commercial""}","no"
"floor-tiles","Floor Tiles","Magna 2.0 Outdoor Tile","OUT2-MAGNA-6060","6907","18.00","India","{""anti_skid"":""TRUE"",""tile_size"":""600×600"",""pei_rating"":""PEI IV"",""tile_finish"":""Rustic"",""tile_pattern"":""Stone"",""tile_material"":""Vitrified (GVT)"",""tiles_per_box"":""2"",""tile_thickness"":""20"",""coverage_per_box"":""8.6"",""water_absorption"":""0.1"",""tile_colour_family"":""Grey"",""floor_application_area"":""Commercial""}","no"
"floor-tiles","Floor Tiles","Orion 2.0 Outdoor Tile","OUT2-ORION-6060","6907","18.00","India","{""anti_skid"":""TRUE"",""tile_size"":""600×600"",""pei_rating"":""PEI IV"",""tile_finish"":""Rustic"",""tile_pattern"":""Stone"",""tile_material"":""Vitrified (GVT)"",""tiles_per_box"":""2"",""tile_thickness"":""20"",""coverage_per_box"":""8.6"",""water_absorption"":""0.1"",""tile_colour_family"":""Grey"",""floor_application_area"":""Commercial""}","no"
"floor-tiles","Floor Tiles","Agata Polished Porcelain Tile","PGVT-AGATA-6060","6907","18.00","India","{""anti_skid"":""FALSE"",""tile_size"":""600×600"",""pei_rating"":""PEI III"",""tile_finish"":""Polished"",""tile_pattern"":""Plain"",""tile_material"":""Vitrified (PGVT)"",""tiles_per_box"":""4"",""tile_thickness"":""10"",""coverage_per_box"":""15.5"",""water_absorption"":""0.05"",""tile_colour_family"":""Multi"",""floor_application_area"":""Living Room""}","yes"
"floor-tiles","Floor Tiles","Andora Highgloss Porcelain Tile","PGVT-ANDORA-HG-6060","6907","18.00","India","{""anti_skid"":""FALSE"",""tile_size"":""600×600"",""pei_rating"":""PEI III"",""tile_finish"":""Highgloss"",""tile_pattern"":""Marble"",""tile_material"":""Vitrified (PGVT)"",""tiles_per_box"":""4"",""tile_thickness"":""10"",""coverage_per_box"":""15.5"",""water_absorption"":""0.05"",""tile_colour_family"":""Grey"",""floor_application_area"":""Living Room""}","yes"
"floor-tiles","Floor Tiles","Belco Polished Porcelain Tile","PGVT-BELCO-6060","6907","18.00","India","{""anti_skid"":""FALSE"",""tile_size"":""600×600"",""pei_rating"":""PEI III"",""tile_finish"":""Polished"",""tile_pattern"":""Plain"",""tile_material"":""Vitrified (PGVT)"",""tiles_per_box"":""4"",""tile_thickness"":""10"",""coverage_per_box"":""15.5"",""water_absorption"":""0.05"",""tile_colour_family"":""Multi"",""floor_application_area"":""Living Room""}","yes"
"floor-tiles","Floor Tiles","Belinda Polished Porcelain Tile","PGVT-BELINDA-6060","6907","18.00","India","{""anti_skid"":""FALSE"",""tile_size"":""600×600"",""pei_rating"":""PEI III"",""tile_finish"":""Polished"",""tile_pattern"":""Plain"",""tile_material"":""Vitrified (PGVT)"",""tiles_per_box"":""4"",""tile_thickness"":""10"",""coverage_per_box"":""15.5"",""water_absorption"":""0.05"",""tile_colour_family"":""Multi"",""floor_application_area"":""Living Room""}","yes"
"floor-tiles","Floor Tiles","Bellisimo Polished Porcelain Tile","PGVT-BELLISIMO-6060","6907","18.00","India","{""anti_skid"":""FALSE"",""tile_size"":""600×600"",""pei_rating"":""PEI III"",""tile_finish"":""Polished"",""tile_pattern"":""Plain"",""tile_material"":""Vitrified (PGVT)"",""tiles_per_box"":""4"",""tile_thickness"":""10"",""coverage_per_box"":""15.5"",""water_absorption"":""0.05"",""tile_colour_family"":""Multi"",""floor_application_area"":""Living Room""}","no"
"floor-tiles","Floor Tiles","Bliss Polished Porcelain Tile","PGVT-BLISS-6060","6907","18.00","India","{""anti_skid"":""FALSE"",""tile_size"":""600×600"",""pei_rating"":""PEI III"",""tile_finish"":""Polished"",""tile_pattern"":""Plain"",""tile_material"":""Vitrified (PGVT)"",""tiles_per_box"":""4"",""tile_thickness"":""10"",""coverage_per_box"":""15.5"",""water_absorption"":""0.05"",""tile_colour_family"":""Multi"",""floor_application_area"":""Living Room""}","yes"
"floor-tiles","Floor Tiles","Bluetta Highgloss Porcelain Tile","PGVT-BLUETTA-6060","6907","18.00","India","{""anti_skid"":""FALSE"",""tile_size"":""600×600"",""pei_rating"":""PEI III"",""tile_finish"":""Highgloss"",""tile_pattern"":""Plain"",""tile_material"":""Vitrified (PGVT)"",""tiles_per_box"":""4"",""tile_thickness"":""10"",""coverage_per_box"":""15.5"",""water_absorption"":""0.05"",""tile_colour_family"":""Blue"",""floor_application_area"":""Living Room""}","yes"
"floor-tiles","Floor Tiles","Boca Polished Porcelain Tile","PGVT-BOCA-6060","6907","18.00","India","{""anti_skid"":""FALSE"",""tile_size"":""600×600"",""pei_rating"":""PEI III"",""tile_finish"":""Polished"",""tile_pattern"":""Plain"",""tile_material"":""Vitrified (PGVT)"",""tiles_per_box"":""4"",""tile_thickness"":""10"",""coverage_per_box"":""15.5"",""water_absorption"":""0.05"",""tile_colour_family"":""Multi"",""floor_application_area"":""Living Room""}","yes"
"floor-tiles","Floor Tiles","Botanic Highgloss Porcelain Tile","PGVT-BOTANIC-6060","6907","18.00","India","{""anti_skid"":""FALSE"",""tile_size"":""600×600"",""pei_rating"":""PEI III"",""tile_finish"":""Highgloss"",""tile_pattern"":""Plain"",""tile_material"":""Vitrified (PGVT)"",""tiles_per_box"":""4"",""tile_thickness"":""10"",""coverage_per_box"":""15.5"",""water_absorption"":""0.05"",""tile_colour_family"":""Brown"",""floor_application_area"":""Living Room""}","yes"
"floor-tiles","Floor Tiles","Brakel Polished Porcelain Tile","PGVT-BRAKEL-6060","6907","18.00","India","{""anti_skid"":""FALSE"",""tile_size"":""600×600"",""pei_rating"":""PEI III"",""tile_finish"":""Polished"",""tile_pattern"":""Plain"",""tile_material"":""Vitrified (PGVT)"",""tiles_per_box"":""4"",""tile_thickness"":""10"",""coverage_per_box"":""15.5"",""water_absorption"":""0.05"",""tile_colour_family"":""Multi"",""floor_application_area"":""Living Room""}","no"
"floor-tiles","Floor Tiles","Brazilian Polished Porcelain Tile","PGVT-BRAZILIAN-6060","6907","18.00","India","{""anti_skid"":""FALSE"",""tile_size"":""600×600"",""pei_rating"":""PEI III"",""tile_finish"":""Polished"",""tile_pattern"":""Plain"",""tile_material"":""Vitrified (PGVT)"",""tiles_per_box"":""4"",""tile_thickness"":""10"",""coverage_per_box"":""15.5"",""water_absorption"":""0.05"",""tile_colour_family"":""Multi"",""floor_application_area"":""Living Room""}","yes"
"floor-tiles","Floor Tiles","Calacatta Polished Porcelain Tile","PGVT-CALACATTA-6060","6907","18.00","India","{""anti_skid"":""FALSE"",""tile_size"":""600×600"",""pei_rating"":""PEI III"",""tile_finish"":""Polished"",""tile_pattern"":""Marble"",""tile_material"":""Vitrified (PGVT)"",""tiles_per_box"":""4"",""tile_thickness"":""10"",""coverage_per_box"":""15.5"",""water_absorption"":""0.05"",""tile_colour_family"":""White"",""floor_application_area"":""Living Room""}","yes"
"floor-tiles","Floor Tiles","Calcatta Oro Polished Porcelain Tile","PGVT-CALCATTAORO-6060","6907","18.00","India","{""anti_skid"":""FALSE"",""tile_size"":""600×600"",""pei_rating"":""PEI III"",""tile_finish"":""Polished"",""tile_pattern"":""Marble"",""tile_material"":""Vitrified (PGVT)"",""tiles_per_box"":""4"",""tile_thickness"":""10"",""coverage_per_box"":""15.5"",""water_absorption"":""0.05"",""tile_colour_family"":""White"",""floor_application_area"":""Living Room""}","yes"
"floor-tiles","Floor Tiles","Candal Polished Porcelain Tile","PGVT-CANDAL-6060","6907","18.00","India","{""anti_skid"":""FALSE"",""tile_size"":""600×600"",""pei_rating"":""PEI III"",""tile_finish"":""Polished"",""tile_pattern"":""Plain"",""tile_material"":""Vitrified (PGVT)"",""tiles_per_box"":""4"",""tile_thickness"":""10"",""coverage_per_box"":""15.5"",""water_absorption"":""0.05"",""tile_colour_family"":""Multi"",""floor_application_area"":""Living Room""}","no"
"floor-tiles","Floor Tiles","Carara Italia Polished Porcelain Tile","PGVT-CARARAITALIA-6060","6907","18.00","India","{""anti_skid"":""FALSE"",""tile_size"":""600×600"",""pei_rating"":""PEI III"",""tile_finish"":""Polished"",""tile_pattern"":""Marble"",""tile_material"":""Vitrified (PGVT)"",""tiles_per_box"":""4"",""tile_thickness"":""10"",""coverage_per_box"":""15.5"",""water_absorption"":""0.05"",""tile_colour_family"":""Multi"",""floor_application_area"":""Living Room""}","yes"
"floor-tiles","Floor Tiles","Champion Highgloss Porcelain Tile","PGVT-CHAMPION-6060","6907","18.00","India","{""anti_skid"":""FALSE"",""tile_size"":""600×600"",""pei_rating"":""PEI III"",""tile_finish"":""Highgloss"",""tile_pattern"":""Plain"",""tile_material"":""Vitrified (PGVT)"",""tiles_per_box"":""4"",""tile_thickness"":""10"",""coverage_per_box"":""15.5"",""water_absorption"":""0.05"",""tile_colour_family"":""Multi"",""floor_application_area"":""Living Room""}","yes"
"floor-tiles","Floor Tiles","Clamart Polished Porcelain Tile","PGVT-CLAMART-6060","6907","18.00","India","{""anti_skid"":""FALSE"",""tile_size"":""600×600"",""pei_rating"":""PEI III"",""tile_finish"":""Polished"",""tile_pattern"":""Plain"",""tile_material"":""Vitrified (PGVT)"",""tiles_per_box"":""4"",""tile_thickness"":""10"",""coverage_per_box"":""15.5"",""water_absorption"":""0.05"",""tile_colour_family"":""Multi"",""floor_application_area"":""Living Room""}","yes"
"floor-tiles","Floor Tiles","Cressida Polished Porcelain Tile","PGVT-CRESSIDA-6060","6907","18.00","India","{""anti_skid"":""FALSE"",""tile_size"":""600×600"",""pei_rating"":""PEI III"",""tile_finish"":""Polished"",""tile_pattern"":""Plain"",""tile_material"":""Vitrified (PGVT)"",""tiles_per_box"":""4"",""tile_thickness"":""10"",""coverage_per_box"":""15.5"",""water_absorption"":""0.05"",""tile_colour_family"":""Multi"",""floor_application_area"":""Living Room""}","yes"
"floor-tiles","Floor Tiles","Crista Polished Porcelain Tile","PGVT-CRISTA-6060","6907","18.00","India","{""anti_skid"":""FALSE"",""tile_size"":""600×600"",""pei_rating"":""PEI III"",""tile_finish"":""Polished"",""tile_pattern"":""Plain"",""tile_material"":""Vitrified (PGVT)"",""tiles_per_box"":""4"",""tile_thickness"":""10"",""coverage_per_box"":""15.5"",""water_absorption"":""0.05"",""tile_colour_family"":""Multi"",""floor_application_area"":""Living Room""}","yes"
"floor-tiles","Floor Tiles","Dekro Polished Porcelain Tile","PGVT-DEKRO-6060","6907","18.00","India","{""anti_skid"":""FALSE"",""tile_size"":""600×600"",""pei_rating"":""PEI III"",""tile_finish"":""Polished"",""tile_pattern"":""Plain"",""tile_material"":""Vitrified (PGVT)"",""tiles_per_box"":""4"",""tile_thickness"":""10"",""coverage_per_box"":""15.5"",""water_absorption"":""0.05"",""tile_colour_family"":""Multi"",""floor_application_area"":""Living Room""}","yes"
"floor-tiles","Floor Tiles","Dolomite Polished Porcelain Tile","PGVT-DOLOMITE-6060","6907","18.00","India","{""anti_skid"":""FALSE"",""tile_size"":""600×600"",""pei_rating"":""PEI III"",""tile_finish"":""Polished"",""tile_pattern"":""Plain"",""tile_material"":""Vitrified (PGVT)"",""tiles_per_box"":""4"",""tile_thickness"":""10"",""coverage_per_box"":""15.5"",""water_absorption"":""0.05"",""tile_colour_family"":""Multi"",""floor_application_area"":""Living Room""}","yes"
"floor-tiles","Floor Tiles","Eagle Polished Porcelain Tile","PGVT-EAGLE-6060","6907","18.00","India","{""anti_skid"":""FALSE"",""tile_size"":""600×600"",""pei_rating"":""PEI III"",""tile_finish"":""Polished"",""tile_pattern"":""Plain"",""tile_material"":""Vitrified (PGVT)"",""tiles_per_box"":""4"",""tile_thickness"":""10"",""coverage_per_box"":""15.5"",""water_absorption"":""0.05"",""tile_colour_family"":""Multi"",""floor_application_area"":""Living Room""}","yes"
"floor-tiles","Floor Tiles","Eminet Highgloss Porcelain Tile","PGVT-EMINET-6060","6907","18.00","India","{""anti_skid"":""FALSE"",""tile_size"":""600×600"",""pei_rating"":""PEI III"",""tile_finish"":""Highgloss"",""tile_pattern"":""Plain"",""tile_material"":""Vitrified (PGVT)"",""tiles_per_box"":""4"",""tile_thickness"":""10"",""coverage_per_box"":""15.5"",""water_absorption"":""0.05"",""tile_colour_family"":""Multi"",""floor_application_area"":""Living Room""}","yes"
"floor-tiles","Floor Tiles","Greylac Polished Porcelain Tile","PGVT-GREYLAC-6060","6907","18.00","India","{""anti_skid"":""FALSE"",""tile_size"":""600×600"",""pei_rating"":""PEI III"",""tile_finish"":""Polished"",""tile_pattern"":""Plain"",""tile_material"":""Vitrified (PGVT)"",""tiles_per_box"":""4"",""tile_thickness"":""10"",""coverage_per_box"":""15.5"",""water_absorption"":""0.05"",""tile_colour_family"":""Grey"",""floor_application_area"":""Living Room""}","yes"
"floor-tiles","Floor Tiles","Grisial Highgloss Porcelain Tile","PGVT-GRISIAL-6060","6907","18.00","India","{""anti_skid"":""FALSE"",""tile_size"":""600×600"",""pei_rating"":""PEI III"",""tile_finish"":""Highgloss"",""tile_pattern"":""Plain"",""tile_material"":""Vitrified (PGVT)"",""tiles_per_box"":""4"",""tile_thickness"":""10"",""coverage_per_box"":""15.5"",""water_absorption"":""0.05"",""tile_colour_family"":""Grey"",""floor_application_area"":""Living Room""}","yes"
"floor-tiles","Floor Tiles","Hilux Polished Porcelain Tile","PGVT-HILUX-6060","6907","18.00","India","{""anti_skid"":""FALSE"",""tile_size"":""600×600"",""pei_rating"":""PEI III"",""tile_finish"":""Polished"",""tile_pattern"":""Plain"",""tile_material"":""Vitrified (PGVT)"",""tiles_per_box"":""4"",""tile_thickness"":""10"",""coverage_per_box"":""15.5"",""water_absorption"":""0.05"",""tile_colour_family"":""Multi"",""floor_application_area"":""Living Room""}","no"
"floor-tiles","Floor Tiles","Jordan Polished Porcelain Tile","PGVT-JORDAN-6060","6907","18.00","India","{""anti_skid"":""FALSE"",""tile_size"":""600×600"",""pei_rating"":""PEI III"",""tile_finish"":""Polished"",""tile_pattern"":""Plain"",""tile_material"":""Vitrified (PGVT)"",""tiles_per_box"":""4"",""tile_thickness"":""10"",""coverage_per_box"":""15.5"",""water_absorption"":""0.05"",""tile_colour_family"":""Multi"",""floor_application_area"":""Living Room""}","no"
"floor-tiles","Floor Tiles","Kampa Onyx Polished Porcelain Tile","PGVT-KAMPAONYX-6060","6907","18.00","India","{""anti_skid"":""FALSE"",""tile_size"":""600×600"",""pei_rating"":""PEI III"",""tile_finish"":""Polished"",""tile_pattern"":""Marble"",""tile_material"":""Vitrified (PGVT)"",""tiles_per_box"":""4"",""tile_thickness"":""10"",""coverage_per_box"":""15.5"",""water_absorption"":""0.05"",""tile_colour_family"":""Black"",""floor_application_area"":""Living Room""}","yes"
"floor-tiles","Floor Tiles","Lizard Polished Porcelain Tile","PGVT-LIZARD-6060","6907","18.00","India","{""anti_skid"":""FALSE"",""tile_size"":""600×600"",""pei_rating"":""PEI III"",""tile_finish"":""Polished"",""tile_pattern"":""Plain"",""tile_material"":""Vitrified (PGVT)"",""tiles_per_box"":""4"",""tile_thickness"":""10"",""coverage_per_box"":""15.5"",""water_absorption"":""0.05"",""tile_colour_family"":""Multi"",""floor_application_area"":""Living Room""}","yes"
"floor-tiles","Floor Tiles","Luton Polished Porcelain Tile","PGVT-LUTON-6060","6907","18.00","India","{""anti_skid"":""FALSE"",""tile_size"":""600×600"",""pei_rating"":""PEI III"",""tile_finish"":""Polished"",""tile_pattern"":""Plain"",""tile_material"":""Vitrified (PGVT)"",""tiles_per_box"":""4"",""tile_thickness"":""10"",""coverage_per_box"":""15.5"",""water_absorption"":""0.05"",""tile_colour_family"":""White"",""floor_application_area"":""Living Room""}","yes"
"floor-tiles","Floor Tiles","Margaret Polished Porcelain Tile","PGVT-MARGARET-6060","6907","18.00","India","{""anti_skid"":""FALSE"",""tile_size"":""600×600"",""pei_rating"":""PEI III"",""tile_finish"":""Polished"",""tile_pattern"":""Plain"",""tile_material"":""Vitrified (PGVT)"",""tiles_per_box"":""4"",""tile_thickness"":""10"",""coverage_per_box"":""15.5"",""water_absorption"":""0.05"",""tile_colour_family"":""Multi"",""floor_application_area"":""Living Room""}","yes"
"floor-tiles","Floor Tiles","Merison Highgloss Porcelain Tile","PGVT-MERISON-6060","6907","18.00","India","{""anti_skid"":""FALSE"",""tile_size"":""600×600"",""pei_rating"":""PEI III"",""tile_finish"":""Highgloss"",""tile_pattern"":""Plain"",""tile_material"":""Vitrified (PGVT)"",""tiles_per_box"":""4"",""tile_thickness"":""10"",""coverage_per_box"":""15.5"",""water_absorption"":""0.05"",""tile_colour_family"":""Multi"",""floor_application_area"":""Living Room""}","yes"
"floor-tiles","Floor Tiles","Mersion Polished Porcelain Tile","PGVT-MERSION-6060","6907","18.00","India","{""anti_skid"":""FALSE"",""tile_size"":""600×600"",""pei_rating"":""PEI III"",""tile_finish"":""Polished"",""tile_pattern"":""Plain"",""tile_material"":""Vitrified (PGVT)"",""tiles_per_box"":""4"",""tile_thickness"":""10"",""coverage_per_box"":""15.5"",""water_absorption"":""0.05"",""tile_colour_family"":""Multi"",""floor_application_area"":""Living Room""}","yes"
"floor-tiles","Floor Tiles","Momentum Highgloss Porcelain Tile","PGVT-MOMENTUM-6060","6907","18.00","India","{""anti_skid"":""FALSE"",""tile_size"":""600×600"",""pei_rating"":""PEI III"",""tile_finish"":""Highgloss"",""tile_pattern"":""Plain"",""tile_material"":""Vitrified (PGVT)"",""tiles_per_box"":""4"",""tile_thickness"":""10"",""coverage_per_box"":""15.5"",""water_absorption"":""0.05"",""tile_colour_family"":""Multi"",""floor_application_area"":""Living Room""}","yes"
"floor-tiles","Floor Tiles","Neem Polished Porcelain Tile","PGVT-NEEM-6060","6907","18.00","India","{""anti_skid"":""FALSE"",""tile_size"":""600×600"",""pei_rating"":""PEI III"",""tile_finish"":""Polished"",""tile_pattern"":""Plain"",""tile_material"":""Vitrified (PGVT)"",""tiles_per_box"":""4"",""tile_thickness"":""10"",""coverage_per_box"":""15.5"",""water_absorption"":""0.05"",""tile_colour_family"":""Multi"",""floor_application_area"":""Living Room""}","yes"
"floor-tiles","Floor Tiles","Negro Highgloss Porcelain Tile","PGVT-NEGRO-HG-6060","6907","18.00","India","{""anti_skid"":""FALSE"",""tile_size"":""600×600"",""pei_rating"":""PEI III"",""tile_finish"":""Highgloss"",""tile_pattern"":""Marble"",""tile_material"":""Vitrified (PGVT)"",""tiles_per_box"":""4"",""tile_thickness"":""10"",""coverage_per_box"":""15.5"",""water_absorption"":""0.05"",""tile_colour_family"":""Black"",""floor_application_area"":""Living Room""}","yes"
"floor-tiles","Floor Tiles","Nolte Polished Porcelain Tile","PGVT-NOLTE-6060","6907","18.00","India","{""anti_skid"":""FALSE"",""tile_size"":""600×600"",""pei_rating"":""PEI III"",""tile_finish"":""Polished"",""tile_pattern"":""Plain"",""tile_material"":""Vitrified (PGVT)"",""tiles_per_box"":""4"",""tile_thickness"":""10"",""coverage_per_box"":""15.5"",""water_absorption"":""0.05"",""tile_colour_family"":""Multi"",""floor_application_area"":""Living Room""}","yes"
"floor-tiles","Floor Tiles","Noor Satuario Polished Porcelain Tile","PGVT-NOORSATUARIO-6060","6907","18.00","India","{""anti_skid"":""FALSE"",""tile_size"":""600×600"",""pei_rating"":""PEI III"",""tile_finish"":""Polished"",""tile_pattern"":""Marble"",""tile_material"":""Vitrified (PGVT)"",""tiles_per_box"":""4"",""tile_thickness"":""10"",""coverage_per_box"":""15.5"",""water_absorption"":""0.05"",""tile_colour_family"":""Multi"",""floor_application_area"":""Living Room""}","yes"
"floor-tiles","Floor Tiles","Orienta Polished Porcelain Tile","PGVT-ORIENTA-6060","6907","18.00","India","{""anti_skid"":""FALSE"",""tile_size"":""600×600"",""pei_rating"":""PEI III"",""tile_finish"":""Polished"",""tile_pattern"":""Plain"",""tile_material"":""Vitrified (PGVT)"",""tiles_per_box"":""4"",""tile_thickness"":""10"",""coverage_per_box"":""15.5"",""water_absorption"":""0.05"",""tile_colour_family"":""Multi"",""floor_application_area"":""Living Room""}","no"
"floor-tiles","Floor Tiles","Orlo Highgloss Porcelain Tile","PGVT-ORLO-6060","6907","18.00","India","{""anti_skid"":""FALSE"",""tile_size"":""600×600"",""pei_rating"":""PEI III"",""tile_finish"":""Highgloss"",""tile_pattern"":""Plain"",""tile_material"":""Vitrified (PGVT)"",""tiles_per_box"":""4"",""tile_thickness"":""10"",""coverage_per_box"":""15.5"",""water_absorption"":""0.05"",""tile_colour_family"":""Multi"",""floor_application_area"":""Living Room""}","yes"
"floor-tiles","Floor Tiles","Pastelli Polished Porcelain Tile","PGVT-PASTELLI-6060","6907","18.00","India","{""anti_skid"":""FALSE"",""tile_size"":""600×600"",""pei_rating"":""PEI III"",""tile_finish"":""Polished"",""tile_pattern"":""Plain"",""tile_material"":""Vitrified (PGVT)"",""tiles_per_box"":""4"",""tile_thickness"":""10"",""coverage_per_box"":""15.5"",""water_absorption"":""0.05"",""tile_colour_family"":""Multi"",""floor_application_area"":""Living Room""}","yes"
"floor-tiles","Floor Tiles","Polano Polished Porcelain Tile","PGVT-POLANO-6060","6907","18.00","India","{""anti_skid"":""FALSE"",""tile_size"":""600×600"",""pei_rating"":""PEI III"",""tile_finish"":""Polished"",""tile_pattern"":""Plain"",""tile_material"":""Vitrified (PGVT)"",""tiles_per_box"":""4"",""tile_thickness"":""10"",""coverage_per_box"":""15.5"",""water_absorption"":""0.05"",""tile_colour_family"":""Multi"",""floor_application_area"":""Living Room""}","yes"
"floor-tiles","Floor Tiles","Prexious Polished Porcelain Tile","PGVT-PREXIOUS-6060","6907","18.00","India","{""anti_skid"":""FALSE"",""tile_size"":""600×600"",""pei_rating"":""PEI III"",""tile_finish"":""Polished"",""tile_pattern"":""Plain"",""tile_material"":""Vitrified (PGVT)"",""tiles_per_box"":""4"",""tile_thickness"":""10"",""coverage_per_box"":""15.5"",""water_absorption"":""0.05"",""tile_colour_family"":""Multi"",""floor_application_area"":""Living Room""}","yes"
"floor-tiles","Floor Tiles","Pristine Polished Porcelain Tile","PGVT-PRISTINE-6060","6907","18.00","India","{""anti_skid"":""FALSE"",""tile_size"":""600×600"",""pei_rating"":""PEI III"",""tile_finish"":""Polished"",""tile_pattern"":""Plain"",""tile_material"":""Vitrified (PGVT)"",""tiles_per_box"":""4"",""tile_thickness"":""10"",""coverage_per_box"":""15.5"",""water_absorption"":""0.05"",""tile_colour_family"":""Multi"",""floor_application_area"":""Living Room""}","no"
"floor-tiles","Floor Tiles","Pulpis Polished Porcelain Tile (Grey)","PGVT-PULPIS-GREY-6060","6907","18.00","India","{""anti_skid"":""FALSE"",""tile_size"":""600×600"",""pei_rating"":""PEI III"",""tile_finish"":""Polished"",""tile_pattern"":""Marble"",""tile_material"":""Vitrified (PGVT)"",""tiles_per_box"":""4"",""tile_thickness"":""10"",""coverage_per_box"":""15.5"",""water_absorption"":""0.05"",""tile_colour_family"":""Grey"",""floor_application_area"":""Living Room""}","yes"
"floor-tiles","Floor Tiles","Python Highgloss Porcelain Tile","PGVT-PYTHON-6060","6907","18.00","India","{""anti_skid"":""FALSE"",""tile_size"":""600×600"",""pei_rating"":""PEI III"",""tile_finish"":""Highgloss"",""tile_pattern"":""Plain"",""tile_material"":""Vitrified (PGVT)"",""tiles_per_box"":""4"",""tile_thickness"":""10"",""coverage_per_box"":""15.5"",""water_absorption"":""0.05"",""tile_colour_family"":""Multi"",""floor_application_area"":""Living Room""}","yes"
"floor-tiles","Floor Tiles","Rayas Polished Porcelain Tile","PGVT-RAYAS-6060","6907","18.00","India","{""anti_skid"":""FALSE"",""tile_size"":""600×600"",""pei_rating"":""PEI III"",""tile_finish"":""Polished"",""tile_pattern"":""Plain"",""tile_material"":""Vitrified (PGVT)"",""tiles_per_box"":""4"",""tile_thickness"":""10"",""coverage_per_box"":""15.5"",""water_absorption"":""0.05"",""tile_colour_family"":""Multi"",""floor_application_area"":""Living Room""}","yes"
"floor-tiles","Floor Tiles","Reno Polished Porcelain Tile","PGVT-RENO-6060","6907","18.00","India","{""anti_skid"":""FALSE"",""tile_size"":""600×600"",""pei_rating"":""PEI III"",""tile_finish"":""Polished"",""tile_pattern"":""Plain"",""tile_material"":""Vitrified (PGVT)"",""tiles_per_box"":""4"",""tile_thickness"":""10"",""coverage_per_box"":""15.5"",""water_absorption"":""0.05"",""tile_colour_family"":""Multi"",""floor_application_area"":""Living Room""}","yes"
"floor-tiles","Floor Tiles","Resilio Onyx Polished Porcelain Tile","PGVT-RESILIOONYX-6060","6907","18.00","India","{""anti_skid"":""FALSE"",""tile_size"":""600×600"",""pei_rating"":""PEI III"",""tile_finish"":""Polished"",""tile_pattern"":""Marble"",""tile_material"":""Vitrified (PGVT)"",""tiles_per_box"":""4"",""tile_thickness"":""10"",""coverage_per_box"":""15.5"",""water_absorption"":""0.05"",""tile_colour_family"":""Black"",""floor_application_area"":""Living Room""}","yes"
"floor-tiles","Floor Tiles","River Romano Polished Porcelain Tile","PGVT-RIVERROMANO-6060","6907","18.00","India","{""anti_skid"":""FALSE"",""tile_size"":""600×600"",""pei_rating"":""PEI III"",""tile_finish"":""Polished"",""tile_pattern"":""Plain"",""tile_material"":""Vitrified (PGVT)"",""tiles_per_box"":""4"",""tile_thickness"":""10"",""coverage_per_box"":""15.5"",""water_absorption"":""0.05"",""tile_colour_family"":""Multi"",""floor_application_area"":""Living Room""}","yes"
"floor-tiles","Floor Tiles","Rokocha Highgloss Porcelain Tile","PGVT-ROKOCHA-6060","6907","18.00","India","{""anti_skid"":""FALSE"",""tile_size"":""600×600"",""pei_rating"":""PEI III"",""tile_finish"":""Highgloss"",""tile_pattern"":""Plain"",""tile_material"":""Vitrified (PGVT)"",""tiles_per_box"":""4"",""tile_thickness"":""10"",""coverage_per_box"":""15.5"",""water_absorption"":""0.05"",""tile_colour_family"":""Multi"",""floor_application_area"":""Living Room""}","yes"
"floor-tiles","Floor Tiles","Royal Onyx Polished Porcelain Tile","PGVT-ROYALONYX-6060","6907","18.00","India","{""anti_skid"":""FALSE"",""tile_size"":""600×600"",""pei_rating"":""PEI III"",""tile_finish"":""Polished"",""tile_pattern"":""Marble"",""tile_material"":""Vitrified (PGVT)"",""tiles_per_box"":""4"",""tile_thickness"":""10"",""coverage_per_box"":""15.5"",""water_absorption"":""0.05"",""tile_colour_family"":""Multi"",""floor_application_area"":""Living Room""}","yes"
"floor-tiles","Floor Tiles","Sarin Onyx Polished Porcelain Tile","PGVT-SARINONYX-6060","6907","18.00","India","{""anti_skid"":""FALSE"",""tile_size"":""600×600"",""pei_rating"":""PEI III"",""tile_finish"":""Polished"",""tile_pattern"":""Marble"",""tile_material"":""Vitrified (PGVT)"",""tiles_per_box"":""4"",""tile_thickness"":""10"",""coverage_per_box"":""15.5"",""water_absorption"":""0.05"",""tile_colour_family"":""Black"",""floor_application_area"":""Living Room""}","yes"
"floor-tiles","Floor Tiles","Selenite Polished Porcelain Tile","PGVT-SELENITE-6060","6907","18.00","India","{""anti_skid"":""FALSE"",""tile_size"":""600×600"",""pei_rating"":""PEI III"",""tile_finish"":""Polished"",""tile_pattern"":""Plain"",""tile_material"":""Vitrified (PGVT)"",""tiles_per_box"":""4"",""tile_thickness"":""10"",""coverage_per_box"":""15.5"",""water_absorption"":""0.05"",""tile_colour_family"":""White"",""floor_application_area"":""Living Room""}","no"
"floor-tiles","Floor Tiles","Shiny Polished Porcelain Tile","PGVT-SHINY-6060","6907","18.00","India","{""anti_skid"":""FALSE"",""tile_size"":""600×600"",""pei_rating"":""PEI III"",""tile_finish"":""Polished"",""tile_pattern"":""Plain"",""tile_material"":""Vitrified (PGVT)"",""tiles_per_box"":""4"",""tile_thickness"":""10"",""coverage_per_box"":""15.5"",""water_absorption"":""0.05"",""tile_colour_family"":""White"",""floor_application_area"":""Living Room""}","no"
"floor-tiles","Floor Tiles","Simba Highgloss Porcelain Tile","PGVT-SIMBA-6060","6907","18.00","India","{""anti_skid"":""FALSE"",""tile_size"":""600×600"",""pei_rating"":""PEI III"",""tile_finish"":""Highgloss"",""tile_pattern"":""Plain"",""tile_material"":""Vitrified (PGVT)"",""tiles_per_box"":""4"",""tile_thickness"":""10"",""coverage_per_box"":""15.5"",""water_absorption"":""0.05"",""tile_colour_family"":""Multi"",""floor_application_area"":""Living Room""}","yes"
"floor-tiles","Floor Tiles","Sintra Highgloss Porcelain Tile","PGVT-SINTRA-6060","6907","18.00","India","{""anti_skid"":""FALSE"",""tile_size"":""600×600"",""pei_rating"":""PEI III"",""tile_finish"":""Highgloss"",""tile_pattern"":""Plain"",""tile_material"":""Vitrified (PGVT)"",""tiles_per_box"":""4"",""tile_thickness"":""10"",""coverage_per_box"":""15.5"",""water_absorption"":""0.05"",""tile_colour_family"":""Multi"",""floor_application_area"":""Living Room""}","yes"
"floor-tiles","Floor Tiles","Smogy Polished Porcelain Tile","PGVT-SMOGY-6060","6907","18.00","India","{""anti_skid"":""FALSE"",""tile_size"":""600×600"",""pei_rating"":""PEI III"",""tile_finish"":""Polished"",""tile_pattern"":""Plain"",""tile_material"":""Vitrified (PGVT)"",""tiles_per_box"":""4"",""tile_thickness"":""10"",""coverage_per_box"":""15.5"",""water_absorption"":""0.05"",""tile_colour_family"":""Grey"",""floor_application_area"":""Living Room""}","yes"
"floor-tiles","Floor Tiles","Sparta Polished Porcelain Tile","PGVT-SPARTA-6060","6907","18.00","India","{""anti_skid"":""FALSE"",""tile_size"":""600×600"",""pei_rating"":""PEI III"",""tile_finish"":""Polished"",""tile_pattern"":""Plain"",""tile_material"":""Vitrified (PGVT)"",""tiles_per_box"":""4"",""tile_thickness"":""10"",""coverage_per_box"":""15.5"",""water_absorption"":""0.05"",""tile_colour_family"":""Multi"",""floor_application_area"":""Living Room""}","yes"
"floor-tiles","Floor Tiles","Sunflame Polished Porcelain Tile","PGVT-SUNFLAME-6060","6907","18.00","India","{""anti_skid"":""FALSE"",""tile_size"":""600×600"",""pei_rating"":""PEI III"",""tile_finish"":""Polished"",""tile_pattern"":""Plain"",""tile_material"":""Vitrified (PGVT)"",""tiles_per_box"":""4"",""tile_thickness"":""10"",""coverage_per_box"":""15.5"",""water_absorption"":""0.05"",""tile_colour_family"":""Beige"",""floor_application_area"":""Living Room""}","yes"
"floor-tiles","Floor Tiles","Torcello Polished Porcelain Tile","PGVT-TORCELLO-6060","6907","18.00","India","{""anti_skid"":""FALSE"",""tile_size"":""600×600"",""pei_rating"":""PEI III"",""tile_finish"":""Polished"",""tile_pattern"":""Plain"",""tile_material"":""Vitrified (PGVT)"",""tiles_per_box"":""4"",""tile_thickness"":""10"",""coverage_per_box"":""15.5"",""water_absorption"":""0.05"",""tile_colour_family"":""Multi"",""floor_application_area"":""Living Room""}","no"
"floor-tiles","Floor Tiles","Tradi Polished Porcelain Tile","PGVT-TRADI-6060","6907","18.00","India","{""anti_skid"":""FALSE"",""tile_size"":""600×600"",""pei_rating"":""PEI III"",""tile_finish"":""Polished"",""tile_pattern"":""Plain"",""tile_material"":""Vitrified (PGVT)"",""tiles_per_box"":""4"",""tile_thickness"":""10"",""coverage_per_box"":""15.5"",""water_absorption"":""0.05"",""tile_colour_family"":""Multi"",""floor_application_area"":""Living Room""}","yes"
"floor-tiles","Floor Tiles","Trek Polished Porcelain Tile","PGVT-TREK-6060","6907","18.00","India","{""anti_skid"":""FALSE"",""tile_size"":""600×600"",""pei_rating"":""PEI III"",""tile_finish"":""Polished"",""tile_pattern"":""Plain"",""tile_material"":""Vitrified (PGVT)"",""tiles_per_box"":""4"",""tile_thickness"":""10"",""coverage_per_box"":""15.5"",""water_absorption"":""0.05"",""tile_colour_family"":""Multi"",""floor_application_area"":""Living Room""}","no"
"floor-tiles","Floor Tiles","Trunk Highgloss Porcelain Tile","PGVT-TRUNK-6060","6907","18.00","India","{""anti_skid"":""FALSE"",""tile_size"":""600×600"",""pei_rating"":""PEI III"",""tile_finish"":""Highgloss"",""tile_pattern"":""Plain"",""tile_material"":""Vitrified (PGVT)"",""tiles_per_box"":""4"",""tile_thickness"":""10"",""coverage_per_box"":""15.5"",""water_absorption"":""0.05"",""tile_colour_family"":""Multi"",""floor_application_area"":""Living Room""}","yes"
"floor-tiles","Floor Tiles","Tubac Polished Porcelain Tile","PGVT-TUBAC-6060","6907","18.00","India","{""anti_skid"":""FALSE"",""tile_size"":""600×600"",""pei_rating"":""PEI III"",""tile_finish"":""Polished"",""tile_pattern"":""Plain"",""tile_material"":""Vitrified (PGVT)"",""tiles_per_box"":""4"",""tile_thickness"":""10"",""coverage_per_box"":""15.5"",""water_absorption"":""0.05"",""tile_colour_family"":""Multi"",""floor_application_area"":""Living Room""}","no"
"floor-tiles","Floor Tiles","Turkiye Highgloss Porcelain Tile","PGVT-TURKIYE-6060","6907","18.00","India","{""anti_skid"":""FALSE"",""tile_size"":""600×600"",""pei_rating"":""PEI III"",""tile_finish"":""Highgloss"",""tile_pattern"":""Plain"",""tile_material"":""Vitrified (PGVT)"",""tiles_per_box"":""4"",""tile_thickness"":""10"",""coverage_per_box"":""15.5"",""water_absorption"":""0.05"",""tile_colour_family"":""Black"",""floor_application_area"":""Living Room""}","yes"
"floor-tiles","Floor Tiles","Valga Polished Porcelain Tile","PGVT-VALGA-6060","6907","18.00","India","{""anti_skid"":""FALSE"",""tile_size"":""600×600"",""pei_rating"":""PEI III"",""tile_finish"":""Polished"",""tile_pattern"":""Plain"",""tile_material"":""Vitrified (PGVT)"",""tiles_per_box"":""4"",""tile_thickness"":""10"",""coverage_per_box"":""15.5"",""water_absorption"":""0.05"",""tile_colour_family"":""Blue"",""floor_application_area"":""Living Room""}","yes"
"floor-tiles","Floor Tiles","Verona Polished Porcelain Tile","PGVT-VERONA-6060","6907","18.00","India","{""anti_skid"":""FALSE"",""tile_size"":""600×600"",""pei_rating"":""PEI III"",""tile_finish"":""Polished"",""tile_pattern"":""Marble"",""tile_material"":""Vitrified (PGVT)"",""tiles_per_box"":""4"",""tile_thickness"":""10"",""coverage_per_box"":""15.5"",""water_absorption"":""0.05"",""tile_colour_family"":""Beige"",""floor_application_area"":""Living Room""}","yes"
"floor-tiles","Floor Tiles","Versace Polished Porcelain Tile","PGVT-VERSACE-6060","6907","18.00","India","{""anti_skid"":""FALSE"",""tile_size"":""600×600"",""pei_rating"":""PEI III"",""tile_finish"":""Polished"",""tile_pattern"":""Plain"",""tile_material"":""Vitrified (PGVT)"",""tiles_per_box"":""4"",""tile_thickness"":""10"",""coverage_per_box"":""15.5"",""water_absorption"":""0.05"",""tile_colour_family"":""Multi"",""floor_application_area"":""Living Room""}","no"
"floor-tiles","Floor Tiles","Viola Polished Porcelain Tile","PGVT-VIOLA-6060","6907","18.00","India","{""anti_skid"":""FALSE"",""tile_size"":""600×600"",""pei_rating"":""PEI III"",""tile_finish"":""Polished"",""tile_pattern"":""Plain"",""tile_material"":""Vitrified (PGVT)"",""tiles_per_box"":""4"",""tile_thickness"":""10"",""coverage_per_box"":""15.5"",""water_absorption"":""0.05"",""tile_colour_family"":""Multi"",""floor_application_area"":""Living Room""}","yes"
"floor-tiles","Floor Tiles","Walcey Polished Porcelain Tile","PGVT-WALCEY-6060","6907","18.00","India","{""anti_skid"":""FALSE"",""tile_size"":""600×600"",""pei_rating"":""PEI III"",""tile_finish"":""Polished"",""tile_pattern"":""Plain"",""tile_material"":""Vitrified (PGVT)"",""tiles_per_box"":""4"",""tile_thickness"":""10"",""coverage_per_box"":""15.5"",""water_absorption"":""0.05"",""tile_colour_family"":""Multi"",""floor_application_area"":""Living Room""}","yes"
"floor-tiles","Floor Tiles","ART 03 Soluble Salt Polished Tile","SS-ART03-6060","6907","18.00","India","{""anti_skid"":""FALSE"",""tile_size"":""600×600"",""pei_rating"":""PEI IV"",""tile_finish"":""Polished"",""tile_pattern"":""Marble"",""tile_material"":""Soluble Salt"",""tiles_per_box"":""4"",""tile_thickness"":""10"",""coverage_per_box"":""15.5"",""water_absorption"":""0.05"",""tile_colour_family"":""White"",""floor_application_area"":""Living Room""}","no"
"floor-tiles","Floor Tiles","ART 14 Soluble Salt Polished Tile","SS-ART14-6060","6907","18.00","India","{""anti_skid"":""FALSE"",""tile_size"":""600×600"",""pei_rating"":""PEI IV"",""tile_finish"":""Polished"",""tile_pattern"":""Marble"",""tile_material"":""Soluble Salt"",""tiles_per_box"":""4"",""tile_thickness"":""10"",""coverage_per_box"":""15.5"",""water_absorption"":""0.05"",""tile_colour_family"":""Beige"",""floor_application_area"":""Living Room""}","no"
"floor-tiles","Floor Tiles","ART 26 Soluble Salt Polished Tile","SS-ART26-6060","6907","18.00","India","{""anti_skid"":""FALSE"",""tile_size"":""600×600"",""pei_rating"":""PEI IV"",""tile_finish"":""Polished"",""tile_pattern"":""Marble"",""tile_material"":""Soluble Salt"",""tiles_per_box"":""4"",""tile_thickness"":""10"",""coverage_per_box"":""15.5"",""water_absorption"":""0.05"",""tile_colour_family"":""Grey"",""floor_application_area"":""Living Room""}","no"
"floor-tiles","Floor Tiles","Colori Terrazzo Tile","TERR-COLORI-6060","6907","18.00","India","{""anti_skid"":""FALSE"",""tile_size"":""600×600"",""pei_rating"":""PEI IV"",""tile_finish"":""Polished"",""tile_pattern"":""Geometric"",""tile_material"":""Cement / Terrazzo"",""tiles_per_box"":""4"",""tile_thickness"":""10"",""coverage_per_box"":""15.5"",""water_absorption"":""0.1"",""tile_colour_family"":""Multi"",""floor_application_area"":""Living Room""}","no"
"floor-tiles","Floor Tiles","Devine Terrazzo Tile","TERR-DEVINE-6060","6907","18.00","India","{""anti_skid"":""FALSE"",""tile_size"":""600×600"",""pei_rating"":""PEI IV"",""tile_finish"":""Polished"",""tile_pattern"":""Geometric"",""tile_material"":""Cement / Terrazzo"",""tiles_per_box"":""4"",""tile_thickness"":""10"",""coverage_per_box"":""15.5"",""water_absorption"":""0.1"",""tile_colour_family"":""White"",""floor_application_area"":""Living Room""}","no"
"floor-tiles","Floor Tiles","Stein Terrazzo Tile","TERR-STEIN-6060","6907","18.00","India","{""anti_skid"":""FALSE"",""tile_size"":""600×600"",""pei_rating"":""PEI IV"",""tile_finish"":""Polished"",""tile_pattern"":""Geometric"",""tile_material"":""Cement / Terrazzo"",""tiles_per_box"":""4"",""tile_thickness"":""10"",""coverage_per_box"":""15.5"",""water_absorption"":""0.1"",""tile_colour_family"":""Grey"",""floor_application_area"":""Living Room""}","no"
"floor-tiles","Floor Tiles","Glenwood Aqua Wooden Tile","WOOD-GLENWOOD-AQUA-20120","6907","18.00","India","{""anti_skid"":""FALSE"",""tile_size"":""200×1200"",""pei_rating"":""PEI IV"",""tile_finish"":""Carving"",""tile_pattern"":""Wood"",""tile_material"":""Ceramic"",""tiles_per_box"":""5"",""tile_thickness"":""8"",""coverage_per_box"":""12.9"",""tile_colour_name"":""Aqua"",""water_absorption"":""0.05"",""tile_colour_family"":""Aqua"",""floor_application_area"":""Living Room""}","no"
"floor-tiles","Floor Tiles","Glenwood Grey Wooden Tile","WOOD-GLENWOOD-GREY-20120","6907","18.00","India","{""anti_skid"":""FALSE"",""tile_size"":""200×1200"",""pei_rating"":""PEI IV"",""tile_finish"":""Carving"",""tile_pattern"":""Wood"",""tile_material"":""Ceramic"",""tiles_per_box"":""5"",""tile_thickness"":""8"",""coverage_per_box"":""12.9"",""tile_colour_name"":""Grey"",""water_absorption"":""0.05"",""tile_colour_family"":""Grey"",""floor_application_area"":""Living Room""}","no"
"floor-tiles","Floor Tiles","Glenwood Mist Wooden Tile","WOOD-GLENWOOD-MIST-20120","6907","18.00","India","{""anti_skid"":""FALSE"",""tile_size"":""200×1200"",""pei_rating"":""PEI IV"",""tile_finish"":""Carving"",""tile_pattern"":""Wood"",""tile_material"":""Ceramic"",""tiles_per_box"":""5"",""tile_thickness"":""8"",""coverage_per_box"":""12.9"",""tile_colour_name"":""Mist"",""water_absorption"":""0.05"",""tile_colour_family"":""Brown"",""floor_application_area"":""Living Room""}","no"
"floor-tiles","Floor Tiles","Glenwood Verde Wooden Tile","WOOD-GLENWOOD-VERDE-20120","6907","18.00","India","{""anti_skid"":""FALSE"",""tile_size"":""200×1200"",""pei_rating"":""PEI IV"",""tile_finish"":""Carving"",""tile_pattern"":""Wood"",""tile_material"":""Ceramic"",""tiles_per_box"":""5"",""tile_thickness"":""8"",""coverage_per_box"":""12.9"",""tile_colour_name"":""Verde"",""water_absorption"":""0.05"",""tile_colour_family"":""Green"",""floor_application_area"":""Living Room""}","no"
"floor-tiles","Floor Tiles","Glenwood White Wooden Tile","WOOD-GLENWOOD-WHITE-20120","6907","18.00","India","{""anti_skid"":""FALSE"",""tile_size"":""200×1200"",""pei_rating"":""PEI IV"",""tile_finish"":""Carving"",""tile_pattern"":""Wood"",""tile_material"":""Ceramic"",""tiles_per_box"":""5"",""tile_thickness"":""8"",""coverage_per_box"":""12.9"",""tile_colour_name"":""White"",""water_absorption"":""0.05"",""tile_colour_family"":""White"",""floor_application_area"":""Living Room""}","no"
"wall-tiles","Wall Tiles","Subway Aqua Green Wall Tile","SUB-AQUAGREEN-75300","6907","18.00","India","{""anti_skid"":""FALSE"",""tile_size"":""75×300"",""pei_rating"":""PEI II"",""highlighter"":""FALSE"",""tile_finish"":""Matte"",""tile_pattern"":""Plain"",""tile_material"":""Ceramic"",""tiles_per_box"":""44"",""tile_thickness"":""8"",""coverage_per_box"":""10.66"",""tile_colour_name"":""Aqua Green"",""water_absorption"":""14.04"",""tile_colour_family"":""Green"",""wall_application_area"":""Bathroom""}","no"
"wall-tiles","Wall Tiles","Subway Black Wall Tile","SUB-BLACK-75300","6907","18.00","India","{""anti_skid"":""FALSE"",""tile_size"":""75×300"",""pei_rating"":""PEI II"",""highlighter"":""FALSE"",""tile_finish"":""Matte"",""tile_pattern"":""Plain"",""tile_material"":""Ceramic"",""tiles_per_box"":""44"",""tile_thickness"":""8"",""coverage_per_box"":""10.66"",""tile_colour_name"":""Black"",""water_absorption"":""14.04"",""tile_colour_family"":""Black"",""wall_application_area"":""Bathroom""}","no"
"wall-tiles","Wall Tiles","Subway Blood Red Wall Tile","SUB-BLOODRED-75300","6907","18.00","India","{""anti_skid"":""FALSE"",""tile_size"":""75×300"",""pei_rating"":""PEI II"",""highlighter"":""FALSE"",""tile_finish"":""Matte"",""tile_pattern"":""Plain"",""tile_material"":""Ceramic"",""tiles_per_box"":""44"",""tile_thickness"":""8"",""coverage_per_box"":""10.66"",""tile_colour_name"":""Blood Red"",""water_absorption"":""14.04"",""tile_colour_family"":""Red"",""wall_application_area"":""Bathroom""}","no"
"wall-tiles","Wall Tiles","Subway Mango Yellow Wall Tile","SUB-MANGOYELLOW-75300","6907","18.00","India","{""anti_skid"":""FALSE"",""tile_size"":""75×300"",""pei_rating"":""PEI II"",""highlighter"":""FALSE"",""tile_finish"":""Matte"",""tile_pattern"":""Plain"",""tile_material"":""Ceramic"",""tiles_per_box"":""44"",""tile_thickness"":""8"",""coverage_per_box"":""10.66"",""tile_colour_name"":""Mango Yellow"",""water_absorption"":""14.04"",""tile_colour_family"":""Yellow"",""wall_application_area"":""Bathroom""}","no"
"wall-tiles","Wall Tiles","Subway Orange Wall Tile","SUB-ORANGE-75300","6907","18.00","India","{""anti_skid"":""FALSE"",""tile_size"":""75×300"",""pei_rating"":""PEI II"",""highlighter"":""FALSE"",""tile_finish"":""Matte"",""tile_pattern"":""Plain"",""tile_material"":""Ceramic"",""tiles_per_box"":""44"",""tile_thickness"":""8"",""coverage_per_box"":""10.66"",""tile_colour_name"":""Orange"",""water_absorption"":""14.04"",""tile_colour_family"":""Orange"",""wall_application_area"":""Bathroom""}","no"
"wall-tiles","Wall Tiles","Subway Pacific Blue Wall Tile","SUB-PACIFICBLUE-75300","6907","18.00","India","{""anti_skid"":""FALSE"",""tile_size"":""75×300"",""pei_rating"":""PEI II"",""highlighter"":""FALSE"",""tile_finish"":""Matte"",""tile_pattern"":""Plain"",""tile_material"":""Ceramic"",""tiles_per_box"":""44"",""tile_thickness"":""8"",""coverage_per_box"":""10.66"",""tile_colour_name"":""Pacific Blue"",""water_absorption"":""14.04"",""tile_colour_family"":""Aqua"",""wall_application_area"":""Bathroom""}","no"
"wall-tiles","Wall Tiles","Subway Pink Wall Tile","SUB-PINK-75300","6907","18.00","India","{""anti_skid"":""FALSE"",""tile_size"":""75×300"",""pei_rating"":""PEI II"",""highlighter"":""FALSE"",""tile_finish"":""Matte"",""tile_pattern"":""Plain"",""tile_material"":""Ceramic"",""tiles_per_box"":""44"",""tile_thickness"":""8"",""coverage_per_box"":""10.66"",""tile_colour_name"":""Pink"",""water_absorption"":""14.04"",""tile_colour_family"":""Pink"",""wall_application_area"":""Bathroom""}","no"
"wall-tiles","Wall Tiles","Subway White Wall Tile","SUB-WHITE-75300","6907","18.00","India","{""anti_skid"":""FALSE"",""tile_size"":""75×300"",""pei_rating"":""PEI II"",""highlighter"":""FALSE"",""tile_finish"":""Matte"",""tile_pattern"":""Plain"",""tile_material"":""Ceramic"",""tiles_per_box"":""44"",""tile_thickness"":""8"",""coverage_per_box"":""10.66"",""tile_colour_name"":""White"",""water_absorption"":""14.04"",""tile_colour_family"":""White"",""wall_application_area"":""Bathroom""}","no"