category_slug,category_name,product_name,mfr_part_number,hsn_code,gst_rate,country_of_origin,attributes_json
"cabinets","Cabinets","Corner Cabinet","CC-252","","18.00","India","{""cabinet_type"":""Corner Cabinet"",""cabinet_dimensions"":""585x290x215 mm""}"
"cabinets","Cabinets","Mirror Cabinet (450mm)","MCB-253","","18.00","India","{""cabinet_type"":""Mirror Cabinet"",""cabinet_dimensions"":""450x350x120 mm""}"
"cabinets","Cabinets","Mirror Cabinet (555mm)","MCB-251","","18.00","India","{""cabinet_type"":""Mirror Cabinet"",""cabinet_dimensions"":""555x350x120 mm""}"
"cisterns","Cisterns","Aqua Single Flushing Cistern 8 Ltrs.","C-010/WH","","18.00","India","{""cistern_type"":""Exposed"",""cistern_colour"":""White"",""flush_mechanism"":""Single"",""sanitary_finish"":""White"",""cistern_capacity"":""8""}"
"cisterns","Cisterns","Aqua Single Flushing Cistern 8 Ltrs.","C-010/IV","","18.00","India","{""cistern_type"":""Exposed"",""cistern_colour"":""Ivory"",""flush_mechanism"":""Single"",""sanitary_finish"":""Ivory"",""cistern_capacity"":""8""}"
"cisterns","Cisterns","Classic Single Flushing Cistern with Air Freshener 10 Ltrs.","C-012/WH","","18.00","India","{""cistern_type"":""Exposed"",""cistern_colour"":""White"",""flush_mechanism"":""Single"",""sanitary_finish"":""White"",""cistern_capacity"":""10""}"
"cisterns","Cisterns","Classic Single Flushing Cistern with Air Freshener 10 Ltrs.","C-012/IV","","18.00","India","{""cistern_type"":""Exposed"",""cistern_colour"":""Ivory"",""flush_mechanism"":""Single"",""sanitary_finish"":""Ivory"",""cistern_capacity"":""10""}"
"cisterns","Cisterns","Concealed Flushing Cistern","C-027","","18.00","India","{""cistern_type"":""Concealed"",""cistern_colour"":""White"",""flush_mechanism"":""Single"",""sanitary_finish"":""White"",""cistern_capacity"":""0""}"
"cisterns","Cisterns","Concealed Flushing Cistern Actuator Plate - 1","C-029","","18.00","India","{""cistern_type"":""Concealed"",""cistern_colour"":""White"",""flush_mechanism"":""Single"",""sanitary_finish"":""White"",""cistern_capacity"":""0""}"
"cisterns","Cisterns","Concealed Flushing Cistern Actuator Plate - 2","C-030","","18.00","India","{""cistern_type"":""Concealed"",""cistern_colour"":""White"",""flush_mechanism"":""Single"",""sanitary_finish"":""White"",""cistern_capacity"":""0""}"
"cisterns","Cisterns","Concealed Flushing Cistern Actuator Plate - 3","C-031","","18.00","India","{""cistern_type"":""Concealed"",""cistern_colour"":""White"",""flush_mechanism"":""Single"",""sanitary_finish"":""White"",""cistern_capacity"":""0""}"
"cisterns","Cisterns","Concealed Flushing Cistern with Frame & Extra Fittings","C-028","","18.00","India","{""cistern_type"":""Concealed"",""cistern_colour"":""White"",""flush_mechanism"":""Single"",""sanitary_finish"":""White"",""cistern_capacity"":""0""}"
"cisterns","Cisterns","Concealed Quick Flushing Cistern","CCQF-100","","18.00","India","{""cistern_type"":""Concealed"",""cistern_colour"":""White"",""flush_mechanism"":""Single"",""sanitary_finish"":""White"",""cistern_capacity"":""0""}"
"cisterns","Cisterns","Concealed Quick Flushing Cistern Cubo Plate","C-033","","18.00","India","{""cistern_type"":""Concealed"",""cistern_colour"":""White"",""flush_mechanism"":""Single"",""sanitary_finish"":""White"",""cistern_capacity"":""0""}"
"cisterns","Cisterns","Concealed Quick Flushing Cistern Cubo Plate - Black","C-035","","18.00","India","{""cistern_type"":""Concealed"",""cistern_colour"":""White"",""flush_mechanism"":""Single"",""sanitary_finish"":""White"",""cistern_capacity"":""0""}"
"cisterns","Cisterns","Concealed Quick Flushing Cistern Recto Plate","C-034","","18.00","India","{""cistern_type"":""Concealed"",""cistern_colour"":""White"",""flush_mechanism"":""Single"",""sanitary_finish"":""White"",""cistern_capacity"":""0""}"
"cisterns","Cisterns","Concealed Quick Flushing Cistern Recto Plate - Black","C-036","","18.00","India","{""cistern_type"":""Concealed"",""cistern_colour"":""White"",""flush_mechanism"":""Single"",""sanitary_finish"":""White"",""cistern_capacity"":""0""}"
"cisterns","Cisterns","Concealed Quick Flushing Cistern with Frame & Extra Fittings","CCQF-101","","18.00","India","{""cistern_type"":""Concealed"",""cistern_colour"":""White"",""flush_mechanism"":""Single"",""sanitary_finish"":""White"",""cistern_capacity"":""0""}"
"cisterns","Cisterns","Dual Flushing Cistern 10 Ltrs.","C-002/IV","","18.00","India","{""cistern_type"":""Exposed"",""cistern_colour"":""Ivory"",""flush_mechanism"":""Dual"",""sanitary_finish"":""Ivory"",""cistern_capacity"":""10""}"
"cisterns","Cisterns","Dual Flushing Cistern 10 Ltrs.","C-002/WH","","18.00","India","{""cistern_type"":""Exposed"",""cistern_colour"":""White"",""flush_mechanism"":""Dual"",""sanitary_finish"":""White"",""cistern_capacity"":""10""}"
"cisterns","Cisterns","Dual Flushing Cistern 8 Ltrs.","C-003/IV","","18.00","India","{""cistern_type"":""Exposed"",""cistern_colour"":""Ivory"",""flush_mechanism"":""Dual"",""sanitary_finish"":""Ivory"",""cistern_capacity"":""8""}"
"cisterns","Cisterns","Dual Flushing Cistern 8 Ltrs.","C-003/WH","","18.00","India","{""cistern_type"":""Exposed"",""cistern_colour"":""White"",""flush_mechanism"":""Dual"",""sanitary_finish"":""White"",""cistern_capacity"":""8""}"
"cisterns","Cisterns","Edge Dual Flushing Cistern 8 Ltrs.","C-006/WH","","18.00","India","{""cistern_type"":""Exposed"",""cistern_colour"":""White"",""flush_mechanism"":""Dual"",""sanitary_finish"":""White"",""cistern_capacity"":""8""}"
"cisterns","Cisterns","Edge Dual Flushing Cistern 8 Ltrs.","C-006/IV","","18.00","India","{""cistern_type"":""Exposed"",""cistern_colour"":""Ivory"",""flush_mechanism"":""Dual"",""sanitary_finish"":""Ivory"",""cistern_capacity"":""8""}"
"cisterns","Cisterns","Edge Prime Dual Flushing Cistern 8 Ltrs. (Egret)","C-008/EG/IV","","18.00","India","{""cistern_type"":""Exposed"",""cistern_colour"":""Ivory"",""flush_mechanism"":""Dual"",""sanitary_finish"":""Ivory"",""cistern_capacity"":""8""}"
"cisterns","Cisterns","Edge Prime Dual Flushing Cistern 8 Ltrs. (Egret)","C-008/EG/WH","","18.00","India","{""cistern_type"":""Exposed"",""cistern_colour"":""White"",""flush_mechanism"":""Dual"",""sanitary_finish"":""White"",""cistern_capacity"":""8""}"
"cisterns","Cisterns","Edge Prime Dual Flushing Cistern 8 Ltrs. (Fish)","C-008/FH/IV","","18.00","India","{""cistern_type"":""Exposed"",""cistern_colour"":""Ivory"",""flush_mechanism"":""Dual"",""sanitary_finish"":""Ivory"",""cistern_capacity"":""8""}"
"cisterns","Cisterns","Edge Prime Dual Flushing Cistern 8 Ltrs. (Fish)","C-008/FH/WH","","18.00","India","{""cistern_type"":""Exposed"",""cistern_colour"":""White"",""flush_mechanism"":""Dual"",""sanitary_finish"":""White"",""cistern_capacity"":""8""}"
"cisterns","Cisterns","Edge+ Dual Flushing Cistern 8 Ltrs.","C-009/WH","","18.00","India","{""cistern_type"":""Exposed"",""cistern_colour"":""White"",""flush_mechanism"":""Dual"",""sanitary_finish"":""White"",""cistern_capacity"":""8""}"
"cisterns","Cisterns","Edge+ Dual Flushing Cistern 8 Ltrs.","C-009/IV","","18.00","India","{""cistern_type"":""Exposed"",""cistern_colour"":""Ivory"",""flush_mechanism"":""Dual"",""sanitary_finish"":""Ivory"",""cistern_capacity"":""8""}"
"cisterns","Cisterns","Flo Single Flushing Cistern with Air Freshener 8 Ltrs.","C-011/IV","","18.00","India","{""cistern_type"":""Exposed"",""cistern_colour"":""Ivory"",""flush_mechanism"":""Single"",""sanitary_finish"":""Ivory"",""cistern_capacity"":""8""}"
"cisterns","Cisterns","Flo Single Flushing Cistern with Air Freshener 8 Ltrs.","C-011/WH","","18.00","India","{""cistern_type"":""Exposed"",""cistern_colour"":""White"",""flush_mechanism"":""Single"",""sanitary_finish"":""White"",""cistern_capacity"":""8""}"
"cisterns","Cisterns","Lotus Single Flushing Cistern with Air Freshener 10 Ltrs.","C-007/WH","","18.00","India","{""cistern_type"":""Exposed"",""cistern_colour"":""White"",""flush_mechanism"":""Single"",""sanitary_finish"":""White"",""cistern_capacity"":""10""}"
"cisterns","Cisterns","Lotus Single Flushing Cistern with Air Freshener 10 Ltrs.","C-007/CLR","","18.00","India","{""cistern_type"":""Exposed"",""cistern_colour"":""Clear"",""flush_mechanism"":""Single"",""sanitary_finish"":""Clear"",""cistern_capacity"":""10""}"
"cisterns","Cisterns","Lotus Single Flushing Cistern with Air Freshener 10 Ltrs.","C-007/IV","","18.00","India","{""cistern_type"":""Exposed"",""cistern_colour"":""Ivory"",""flush_mechanism"":""Single"",""sanitary_finish"":""Ivory"",""cistern_capacity"":""10""}"
"cisterns","Cisterns","Lotus Single Flushing Cistern with Air Freshener 10 Ltrs. (Floral)","C-007/FLR/IV","","18.00","India","{""cistern_type"":""Exposed"",""cistern_colour"":""Ivory"",""flush_mechanism"":""Single"",""sanitary_finish"":""Ivory"",""cistern_capacity"":""10""}"
"cisterns","Cisterns","Lotus Single Flushing Cistern with Air Freshener 10 Ltrs. (Floral)","C-007/FLR/WH","","18.00","India","{""cistern_type"":""Exposed"",""cistern_colour"":""White"",""flush_mechanism"":""Single"",""sanitary_finish"":""White"",""cistern_capacity"":""10""}"
"cisterns","Cisterns","Neon Center Push Cistern 10 Ltrs.","C-005/IV","","18.00","India","{""cistern_type"":""Exposed"",""cistern_colour"":""Ivory"",""flush_mechanism"":""Single"",""sanitary_finish"":""Ivory"",""cistern_capacity"":""10""}"
"cisterns","Cisterns","Neon Center Push Cistern 10 Ltrs.","C-005/WH","","18.00","India","{""cistern_type"":""Exposed"",""cistern_colour"":""White"",""flush_mechanism"":""Single"",""sanitary_finish"":""White"",""cistern_capacity"":""10""}"
"cisterns","Cisterns","Neon Flushing Cistern 10 Ltrs.","C-004/IV","","18.00","India","{""cistern_type"":""Exposed"",""cistern_colour"":""Ivory"",""flush_mechanism"":""Single"",""sanitary_finish"":""Ivory"",""cistern_capacity"":""10""}"
"cisterns","Cisterns","Neon Flushing Cistern 10 Ltrs.","C-004/WH","","18.00","India","{""cistern_type"":""Exposed"",""cistern_colour"":""White"",""flush_mechanism"":""Single"",""sanitary_finish"":""White"",""cistern_capacity"":""10""}"
"cisterns","Cisterns","Single Flushing Cistern 10 Ltrs.","C-001/IV","","18.00","India","{""cistern_type"":""Exposed"",""cistern_colour"":""Ivory"",""flush_mechanism"":""Single"",""sanitary_finish"":""Ivory"",""cistern_capacity"":""10""}"
"cisterns","Cisterns","Single Flushing Cistern 10 Ltrs.","C-001/WH","","18.00","India","{""cistern_type"":""Exposed"",""cistern_colour"":""White"",""flush_mechanism"":""Single"",""sanitary_finish"":""White"",""cistern_capacity"":""10""}"
"cisterns","Cisterns","Single Flushing Cistern 10 Ltrs.","C-001/CLR","","18.00","India","{""cistern_type"":""Exposed"",""cistern_colour"":""Clear"",""flush_mechanism"":""Single"",""sanitary_finish"":""Clear"",""cistern_capacity"":""10""}"
"floor-gratings","Floor Gratings","Pisto Floor Grating, DIA 114mm","FG-51","","18.00","India","{""grating_size"":""114"",""grating_material"":""Stainless Steel""}"
"floor-gratings","Floor Gratings","Pisto Floor Grating, DIA 127mm","FG-97","","18.00","India","{""grating_size"":""127"",""grating_material"":""Stainless Steel""}"
"floor-gratings","Floor Gratings","Pisto Gypsy Floor Grating, DIA 114mm","FG-52","","18.00","India","{""grating_size"":""114"",""grating_material"":""Stainless Steel""}"
"floor-gratings","Floor Gratings","Pisto Gypsy Floor Grating, DIA 127mm","FG-98","","18.00","India","{""grating_size"":""127"",""grating_material"":""Stainless Steel""}"
"floor-gratings","Floor Gratings","Sani Square Floor Grating, 150x150mm","FG-61","","18.00","India","{""grating_size"":""150"",""grating_material"":""Stainless Steel""}"
"floor-gratings","Floor Gratings","Sani Square Gypsy Floor Grating, 150x150mm","FG-62","","18.00","India","{""grating_size"":""150"",""grating_material"":""Stainless Steel""}"
"floor-gratings","Floor Gratings","Sani Troking Floor Grating, 150x150mm","FG-71","","18.00","India","{""grating_size"":""150"",""grating_material"":""Stainless Steel""}"
"floor-gratings","Floor Gratings","Sani Troking Gypsy Floor Grating, 150x150mm","FG-72","","18.00","India","{""grating_size"":""150"",""grating_material"":""Stainless Steel""}"
"hoses-couplings","Hoses & Couplings","Fully Automatic Washing Machine Pipe 1.5 Mtr.","WMP-187","","18.00","India","{""hose_coupling_size"":""1.5 Mtr"",""hose_coupling_type"":""Washing Machine Inlet Hose"",""hose_coupling_material"":""PVC""}"
"hoses-couplings","Hoses & Couplings","Fully Automatic Washing Machine Pipe 2.0 Mtr.","WMP-188","","18.00","India","{""hose_coupling_size"":""2.0 Mtr"",""hose_coupling_type"":""Washing Machine Inlet Hose"",""hose_coupling_material"":""PVC""}"
"hoses-couplings","Hoses & Couplings","Fully Automatic Washing Machine Pipe 3.0 Mtr.","WMP-189","","18.00","India","{""hose_coupling_size"":""3.0 Mtr"",""hose_coupling_type"":""Washing Machine Inlet Hose"",""hose_coupling_material"":""PVC""}"
"hoses-couplings","Hoses & Couplings","Fully Automatic Washing Machine Pipe 4.0 Mtr.","WMP-190","","18.00","India","{""hose_coupling_size"":""4.0 Mtr"",""hose_coupling_type"":""Washing Machine Inlet Hose"",""hose_coupling_material"":""PVC""}"
"hoses-couplings","Hoses & Couplings","PVC Shower Tube 1 Mtr.","AP-578","","18.00","India","{""hose_coupling_size"":""1 Mtr"",""hose_coupling_type"":""Connection Hose"",""hose_coupling_material"":""PVC""}"
"hoses-couplings","Hoses & Couplings","PVC Shower Tube 1.5 Mtr.","AP-579","","18.00","India","{""hose_coupling_size"":""1.5 Mtr"",""hose_coupling_type"":""Connection Hose"",""hose_coupling_material"":""PVC""}"
"hoses-couplings","Hoses & Couplings","Waste Pipe 1200mm","WP-185","","18.00","India","{""hose_coupling_size"":""1200mm"",""hose_coupling_type"":""Waste Coupling"",""hose_coupling_material"":""PVC""}"
"hoses-couplings","Hoses & Couplings","Waste Pipe 750mm","WP-183","","18.00","India","{""hose_coupling_size"":""750mm"",""hose_coupling_type"":""Waste Coupling"",""hose_coupling_material"":""PVC""}"
"hoses-couplings","Hoses & Couplings","Waste Pipe 900mm","WP-184","","18.00","India","{""hose_coupling_size"":""900mm"",""hose_coupling_type"":""Waste Coupling"",""hose_coupling_material"":""PVC""}"
"jet-sprays","Jet Sprays","Multi Jet Spray (Brass) with CP Tube 1 Mtr.","JS-051","","18.00","India","{""hose_length"":""1"",""hook_included"":""TRUE"",""sanitary_finish"":""Chrome"",""jet_spray_finish"":""Chrome""}"
"jet-sprays","Jet Sprays","Multi Jet Spray (Brass) with CP Tube 1.5 Mtr.","JS-052","","18.00","India","{""hose_length"":""1.5"",""hook_included"":""TRUE"",""sanitary_finish"":""Chrome"",""jet_spray_finish"":""Chrome""}"
"jet-sprays","Jet Sprays","Straight Jet Spray (Brass/SS 304) with CP Tube 1 Mtr.","JS-053","","18.00","India","{""hose_length"":""1"",""hook_included"":""TRUE"",""sanitary_finish"":""Chrome"",""jet_spray_finish"":""Chrome""}"
"jet-sprays","Jet Sprays","Straight Jet Spray (Brass/SS 304) with CP Tube 1.5 Mtr.","JS-054","","18.00","India","{""hose_length"":""1.5"",""hook_included"":""TRUE"",""sanitary_finish"":""Chrome"",""jet_spray_finish"":""Chrome""}"
"jet-sprays","Jet Sprays","Uni Jet Spray (Brass/Copper) with CP Tube 1 Mtr.","JS-055","","18.00","India","{""hose_length"":""1"",""hook_included"":""TRUE"",""sanitary_finish"":""Chrome"",""jet_spray_finish"":""Chrome""}"
"jet-sprays","Jet Sprays","Uni Jet Spray (Brass/Copper) with CP Tube 1.5 Mtr.","JS-056","","18.00","India","{""hose_length"":""1.5"",""hook_included"":""TRUE"",""sanitary_finish"":""Chrome"",""jet_spray_finish"":""Chrome""}"
"pest-odour-control","Pest & Odour Control","Shell Cockroach Repeller Round Classic, 127mm","CRR-041","","18.00","India","{""pest_control_type"":""Cockroach Repeller""}"
"pest-odour-control","Pest & Odour Control","Shell Cockroach Repeller Round Flat Cut, 127mm","CRR-043","","18.00","India","{""pest_control_type"":""Cockroach Repeller""}"
"pest-odour-control","Pest & Odour Control","Shell Cockroach Repeller Round Gypsy, 127mm","CRR-042","","18.00","India","{""pest_control_type"":""Cockroach Repeller""}"
"pest-odour-control","Pest & Odour Control","Shell Cockroach Repeller Round Torris, 127mm","CRR-044","","18.00","India","{""pest_control_type"":""Cockroach Repeller""}"
"pest-odour-control","Pest & Odour Control","Shell Cockroach Repeller Square Classic, 127mm","CRS-031","","18.00","India","{""pest_control_type"":""Cockroach Repeller""}"
"pest-odour-control","Pest & Odour Control","Shell Cockroach Repeller Square Flat Cut, 127mm","CRS-033","","18.00","India","{""pest_control_type"":""Cockroach Repeller""}"
"pest-odour-control","Pest & Odour Control","Shell Cockroach Repeller Square Gypsy, 127mm","CRS-032","","18.00","India","{""pest_control_type"":""Cockroach Repeller""}"
"pest-odour-control","Pest & Odour Control","Shell Cockroach Repeller Square Torris, 127mm","CRS-034","","18.00","India","{""pest_control_type"":""Cockroach Repeller""}"
"pipe-fittings","Pipe Fittings","CPVC Bend 45 Degree Plain, 20mm","CMF03000020","39172390","18.00","India","{""fitting_size"":""20"",""fitting_type"":""Elbow 45°"",""connection_type"":""Solvent Weld"",""fitting_material"":""CPVC""}"
"pipe-fittings","Pipe Fittings","CPVC Bend 45 Degree Plain, 25mm","CMF03000025","39172390","18.00","India","{""fitting_size"":""25"",""fitting_type"":""Elbow 45°"",""connection_type"":""Solvent Weld"",""fitting_material"":""CPVC""}"
"pipe-fittings","Pipe Fittings","CPVC Bend 45 Degree Plain, 32mm","CMF03000032","39172390","18.00","India","{""fitting_size"":""32"",""fitting_type"":""Elbow 45°"",""connection_type"":""Solvent Weld"",""fitting_material"":""CPVC""}"
"pipe-fittings","Pipe Fittings","CPVC Bend 45 Degree Plain, 40mm","CMF03000040","39172390","18.00","India","{""fitting_size"":""40"",""fitting_type"":""Elbow 45°"",""connection_type"":""Solvent Weld"",""fitting_material"":""CPVC""}"
"pipe-fittings","Pipe Fittings","CPVC Coupler Plain, 15mm","CMF01000015","39172390","18.00","India","{""fitting_size"":""15"",""fitting_type"":""Coupler"",""connection_type"":""Solvent Weld"",""fitting_material"":""CPVC""}"
"pipe-fittings","Pipe Fittings","CPVC Coupler Plain, 20mm","CMF01000020","39172390","18.00","India","{""fitting_size"":""20"",""fitting_type"":""Coupler"",""connection_type"":""Solvent Weld"",""fitting_material"":""CPVC""}"
"pipe-fittings","Pipe Fittings","CPVC Coupler Plain, 25mm","CMF01000025","39172390","18.00","India","{""fitting_size"":""25"",""fitting_type"":""Coupler"",""connection_type"":""Solvent Weld"",""fitting_material"":""CPVC""}"
"pipe-fittings","Pipe Fittings","CPVC Coupler Plain, 32mm","CMF01000032","39172390","18.00","India","{""fitting_size"":""32"",""fitting_type"":""Coupler"",""connection_type"":""Solvent Weld"",""fitting_material"":""CPVC""}"
"pipe-fittings","Pipe Fittings","CPVC Coupler Plain, 40mm","CMF01000040","39172390","18.00","India","{""fitting_size"":""40"",""fitting_type"":""Coupler"",""connection_type"":""Solvent Weld"",""fitting_material"":""CPVC""}"
"pipe-fittings","Pipe Fittings","CPVC Coupler Plain, 50mm","CMF01000050","39172390","18.00","India","{""fitting_size"":""50"",""fitting_type"":""Coupler"",""connection_type"":""Solvent Weld"",""fitting_material"":""CPVC""}"
"pipe-fittings","Pipe Fittings","CPVC Elbow 90 Degree Plain, 15mm","CMF02000015","39172390","18.00","India","{""fitting_size"":""15"",""fitting_type"":""Elbow 90°"",""connection_type"":""Solvent Weld"",""fitting_material"":""CPVC""}"
"pipe-fittings","Pipe Fittings","CPVC Elbow 90 Degree Plain, 20mm","CMF02000020","39172390","18.00","India","{""fitting_size"":""20"",""fitting_type"":""Elbow 90°"",""connection_type"":""Solvent Weld"",""fitting_material"":""CPVC""}"
"pipe-fittings","Pipe Fittings","CPVC Elbow 90 Degree Plain, 25mm","CMF02000025","39172390","18.00","India","{""fitting_size"":""25"",""fitting_type"":""Elbow 90°"",""connection_type"":""Solvent Weld"",""fitting_material"":""CPVC""}"
"pipe-fittings","Pipe Fittings","CPVC Elbow 90 Degree Plain, 32mm","CMF02000032","39172390","18.00","India","{""fitting_size"":""32"",""fitting_type"":""Elbow 90°"",""connection_type"":""Solvent Weld"",""fitting_material"":""CPVC""}"
"pipe-fittings","Pipe Fittings","CPVC Elbow 90 Degree Plain, 40mm","CMF02000040","39172390","18.00","India","{""fitting_size"":""40"",""fitting_type"":""Elbow 90°"",""connection_type"":""Solvent Weld"",""fitting_material"":""CPVC""}"
"pipe-fittings","Pipe Fittings","CPVC Elbow 90 Degree Plain, 50mm","CMF02000050","39172390","18.00","India","{""fitting_size"":""50"",""fitting_type"":""Elbow 90°"",""connection_type"":""Solvent Weld"",""fitting_material"":""CPVC""}"
"pipe-fittings","Pipe Fittings","CPVC End Cap Plain, 15mm","CMF08000015","39172390","18.00","India","{""fitting_size"":""15"",""fitting_type"":""End Cap"",""connection_type"":""Solvent Weld"",""fitting_material"":""CPVC""}"
"pipe-fittings","Pipe Fittings","CPVC End Cap Plain, 20mm","CMF08000020","39172390","18.00","India","{""fitting_size"":""20"",""fitting_type"":""End Cap"",""connection_type"":""Solvent Weld"",""fitting_material"":""CPVC""}"
"pipe-fittings","Pipe Fittings","CPVC End Cap Plain, 25mm","CMF08000025","39172390","18.00","India","{""fitting_size"":""25"",""fitting_type"":""End Cap"",""connection_type"":""Solvent Weld"",""fitting_material"":""CPVC""}"
"pipe-fittings","Pipe Fittings","CPVC End Cap Plain, 32mm","CMF08000032","39172390","18.00","India","{""fitting_size"":""32"",""fitting_type"":""End Cap"",""connection_type"":""Solvent Weld"",""fitting_material"":""CPVC""}"
"pipe-fittings","Pipe Fittings","CPVC Reducer Elbow 90 Degree, 20x15mm","CMF04020015","39172390","18.00","India","{""fitting_size"":""20"",""fitting_type"":""Elbow 90°"",""connection_type"":""Solvent Weld"",""fitting_material"":""CPVC""}"
"pipe-fittings","Pipe Fittings","CPVC Reducer Elbow 90 Degree, 25x20mm","CMF04025020","39172390","18.00","India","{""fitting_size"":""25"",""fitting_type"":""Elbow 90°"",""connection_type"":""Solvent Weld"",""fitting_material"":""CPVC""}"
"pipe-fittings","Pipe Fittings","CPVC Reducer Tee 90 Degree Plain, 20x15mm","CMF06020015","39172390","18.00","India","{""fitting_size"":""20"",""fitting_type"":""Tee"",""connection_type"":""Solvent Weld"",""fitting_material"":""CPVC""}"
"pipe-fittings","Pipe Fittings","CPVC Reducer Tee 90 Degree Plain, 25x20mm","CMF06025020","39172390","18.00","India","{""fitting_size"":""25"",""fitting_type"":""Tee"",""connection_type"":""Solvent Weld"",""fitting_material"":""CPVC""}"
"pipe-fittings","Pipe Fittings","CPVC Reducer Tee 90 Degree Plain, 32x20mm","CMF06032020","39172390","18.00","India","{""fitting_size"":""32"",""fitting_type"":""Tee"",""connection_type"":""Solvent Weld"",""fitting_material"":""CPVC""}"
"pipe-fittings","Pipe Fittings","CPVC Reducer Tee 90 Degree Plain, 32x25mm","CMF06032025","39172390","18.00","India","{""fitting_size"":""32"",""fitting_type"":""Tee"",""connection_type"":""Solvent Weld"",""fitting_material"":""CPVC""}"
"pipe-fittings","Pipe Fittings","CPVC Reducer Tee 90 Degree Plain, 40x20mm","CMF06040020","39172390","18.00","India","{""fitting_size"":""40"",""fitting_type"":""Tee"",""connection_type"":""Solvent Weld"",""fitting_material"":""CPVC""}"
"pipe-fittings","Pipe Fittings","CPVC Reducer Tee 90 Degree Plain, 40x25mm","CMF06040025","39172390","18.00","India","{""fitting_size"":""40"",""fitting_type"":""Tee"",""connection_type"":""Solvent Weld"",""fitting_material"":""CPVC""}"
"pipe-fittings","Pipe Fittings","CPVC Tee 90 Degree Plain, 15mm","CMF05000015","39172390","18.00","India","{""fitting_size"":""15"",""fitting_type"":""Tee"",""connection_type"":""Solvent Weld"",""fitting_material"":""CPVC""}"
"pipe-fittings","Pipe Fittings","CPVC Tee 90 Degree Plain, 20mm","CMF05000020","39172390","18.00","India","{""fitting_size"":""20"",""fitting_type"":""Tee"",""connection_type"":""Solvent Weld"",""fitting_material"":""CPVC""}"
"pipe-fittings","Pipe Fittings","CPVC Tee 90 Degree Plain, 25mm","CMF05000025","39172390","18.00","India","{""fitting_size"":""25"",""fitting_type"":""Tee"",""connection_type"":""Solvent Weld"",""fitting_material"":""CPVC""}"
"pipe-fittings","Pipe Fittings","CPVC Tee 90 Degree Plain, 32mm","CMF05000032","39172390","18.00","India","{""fitting_size"":""32"",""fitting_type"":""Tee"",""connection_type"":""Solvent Weld"",""fitting_material"":""CPVC""}"
"pipe-fittings","Pipe Fittings","CPVC Tee 90 Degree Plain, 40mm","CMF05000040","39172390","18.00","India","{""fitting_size"":""40"",""fitting_type"":""Tee"",""connection_type"":""Solvent Weld"",""fitting_material"":""CPVC""}"
"pipe-fittings","Pipe Fittings","CPVC Tee 90 Degree Plain, 50mm","CMF05000050","39172390","18.00","India","{""fitting_size"":""50"",""fitting_type"":""Tee"",""connection_type"":""Solvent Weld"",""fitting_material"":""CPVC""}"
"pipes","Pipes","CPVC Pipe SDR 11, 15mm, 3 Mtr Length","CMP1103015","39172390","18.00","India","{""pipe_material"":""CPVC"",""pressure_class"":""SDR 11"",""nominal_diameter"":""15"",""pipe_application"":""Hot Water""}"
"pipes","Pipes","CPVC Pipe SDR 11, 15mm, 5 Mtr Length","CMP1105015","39172390","18.00","India","{""pipe_material"":""CPVC"",""pressure_class"":""SDR 11"",""nominal_diameter"":""15"",""pipe_application"":""Hot Water""}"
"pipes","Pipes","CPVC Pipe SDR 11, 20mm, 3 Mtr Length","CMP1103020","39172390","18.00","India","{""pipe_material"":""CPVC"",""pressure_class"":""SDR 11"",""nominal_diameter"":""20"",""pipe_application"":""Hot Water""}"
"pipes","Pipes","CPVC Pipe SDR 11, 20mm, 5 Mtr Length","CMP1105020","39172390","18.00","India","{""pipe_material"":""CPVC"",""pressure_class"":""SDR 11"",""nominal_diameter"":""20"",""pipe_application"":""Hot Water""}"
"pipes","Pipes","CPVC Pipe SDR 11, 25mm, 3 Mtr Length","CMP1103025","39172390","18.00","India","{""pipe_material"":""CPVC"",""pressure_class"":""SDR 11"",""nominal_diameter"":""25"",""pipe_application"":""Hot Water""}"
"pipes","Pipes","CPVC Pipe SDR 11, 25mm, 5 Mtr Length","CMP1105025","39172390","18.00","India","{""pipe_material"":""CPVC"",""pressure_class"":""SDR 11"",""nominal_diameter"":""25"",""pipe_application"":""Hot Water""}"
"pipes","Pipes","CPVC Pipe SDR 11, 32mm, 3 Mtr Length","CMP1103032","39172390","18.00","India","{""pipe_material"":""CPVC"",""pressure_class"":""SDR 11"",""nominal_diameter"":""32"",""pipe_application"":""Hot Water""}"
"pipes","Pipes","CPVC Pipe SDR 11, 32mm, 5 Mtr Length","CMP1105032","39172390","18.00","India","{""pipe_material"":""CPVC"",""pressure_class"":""SDR 11"",""nominal_diameter"":""32"",""pipe_application"":""Hot Water""}"
"pipes","Pipes","CPVC Pipe SDR 11, 40mm, 3 Mtr Length","CMP1103040","39172390","18.00","India","{""pipe_material"":""CPVC"",""pressure_class"":""SDR 11"",""nominal_diameter"":""40"",""pipe_application"":""Hot Water""}"
"pipes","Pipes","CPVC Pipe SDR 11, 40mm, 5 Mtr Length","CMP1105040","39172390","18.00","India","{""pipe_material"":""CPVC"",""pressure_class"":""SDR 11"",""nominal_diameter"":""40"",""pipe_application"":""Hot Water""}"
"pipes","Pipes","CPVC Pipe SDR 11, 50mm, 3 Mtr Length","CMP1103050","39172390","18.00","India","{""pipe_material"":""CPVC"",""pressure_class"":""SDR 11"",""nominal_diameter"":""50"",""pipe_application"":""Hot Water""}"
"pipes","Pipes","CPVC Pipe SDR 11, 50mm, 5 Mtr Length","CMP1105050","39172390","18.00","India","{""pipe_material"":""CPVC"",""pressure_class"":""SDR 11"",""nominal_diameter"":""50"",""pipe_application"":""Hot Water""}"
"pipes","Pipes","CPVC Pipe SDR 13.5, 15mm, 3 Mtr Length","CMP13503015","39172390","18.00","India","{""pipe_material"":""CPVC"",""pressure_class"":""SDR 13.5"",""nominal_diameter"":""15"",""pipe_application"":""Hot Water""}"
"pipes","Pipes","CPVC Pipe SDR 13.5, 15mm, 5 Mtr Length","CMP13505015","39172390","18.00","India","{""pipe_material"":""CPVC"",""pressure_class"":""SDR 13.5"",""nominal_diameter"":""15"",""pipe_application"":""Hot Water""}"
"pipes","Pipes","CPVC Pipe SDR 13.5, 20mm, 3 Mtr Length","CMP13503020","39172390","18.00","India","{""pipe_material"":""CPVC"",""pressure_class"":""SDR 13.5"",""nominal_diameter"":""20"",""pipe_application"":""Hot Water""}"
"pipes","Pipes","CPVC Pipe SDR 13.5, 20mm, 5 Mtr Length","CMP13505020","39172390","18.00","India","{""pipe_material"":""CPVC"",""pressure_class"":""SDR 13.5"",""nominal_diameter"":""20"",""pipe_application"":""Hot Water""}"
"pipes","Pipes","CPVC Pipe SDR 13.5, 25mm, 3 Mtr Length","CMP13503025","39172390","18.00","India","{""pipe_material"":""CPVC"",""pressure_class"":""SDR 13.5"",""nominal_diameter"":""25"",""pipe_application"":""Hot Water""}"
"pipes","Pipes","CPVC Pipe SDR 13.5, 25mm, 5 Mtr Length","CMP13505025","39172390","18.00","India","{""pipe_material"":""CPVC"",""pressure_class"":""SDR 13.5"",""nominal_diameter"":""25"",""pipe_application"":""Hot Water""}"
"pipes","Pipes","CPVC Pipe SDR 13.5, 32mm, 3 Mtr Length","CMP13503032","39172390","18.00","India","{""pipe_material"":""CPVC"",""pressure_class"":""SDR 13.5"",""nominal_diameter"":""32"",""pipe_application"":""Hot Water""}"
"pipes","Pipes","CPVC Pipe SDR 13.5, 32mm, 5 Mtr Length","CMP13505032","39172390","18.00","India","{""pipe_material"":""CPVC"",""pressure_class"":""SDR 13.5"",""nominal_diameter"":""32"",""pipe_application"":""Hot Water""}"
"pipes","Pipes","CPVC Pipe SDR 13.5, 40mm, 3 Mtr Length","CMP13503040","39172390","18.00","India","{""pipe_material"":""CPVC"",""pressure_class"":""SDR 13.5"",""nominal_diameter"":""40"",""pipe_application"":""Hot Water""}"
"pipes","Pipes","CPVC Pipe SDR 13.5, 40mm, 5 Mtr Length","CMP13505040","39172390","18.00","India","{""pipe_material"":""CPVC"",""pressure_class"":""SDR 13.5"",""nominal_diameter"":""40"",""pipe_application"":""Hot Water""}"
"pipes","Pipes","CPVC Pipe SDR 13.5, 50mm, 3 Mtr Length","CMP13503050","39172390","18.00","India","{""pipe_material"":""CPVC"",""pressure_class"":""SDR 13.5"",""nominal_diameter"":""50"",""pipe_application"":""Hot Water""}"
"pipes","Pipes","CPVC Pipe SDR 13.5, 50mm, 5 Mtr Length","CMP13505050","39172390","18.00","India","{""pipe_material"":""CPVC"",""pressure_class"":""SDR 13.5"",""nominal_diameter"":""50"",""pipe_application"":""Hot Water""}"
"seat-covers","Seat Covers","Anglo Indian Seat Cover","SC-013","","18.00","India","{""jet_provision"":""FALSE"",""sanitary_finish"":""White"",""seat_cover_type"":""Standard"",""seat_cover_colour"":""Blue"",""seat_cover_material"":""Plastic""}"
"seat-covers","Seat Covers","Anglo Indian with Jet Seat Cover","SC-019","","18.00","India","{""jet_provision"":""TRUE"",""sanitary_finish"":""White"",""seat_cover_type"":""Standard"",""seat_cover_colour"":""White"",""seat_cover_material"":""Plastic""}"
"seat-covers","Seat Covers","Delta Seat Cover","SC-020","","18.00","India","{""jet_provision"":""FALSE"",""sanitary_finish"":""White"",""seat_cover_type"":""Standard"",""seat_cover_colour"":""White"",""seat_cover_material"":""Duroplast""}"
"seat-covers","Seat Covers","Duo Heavy Seat Cover (Kids+Adults)","SC-022","","18.00","India","{""jet_provision"":""FALSE"",""sanitary_finish"":""White"",""seat_cover_type"":""Duo (Kids + Adults)"",""seat_cover_colour"":""Blue"",""seat_cover_material"":""Plastic""}"
"seat-covers","Seat Covers","Duo Hydraulic Seat Cover (Kids+Adults)","SC-023","","18.00","India","{""jet_provision"":""FALSE"",""sanitary_finish"":""White"",""seat_cover_type"":""Duo (Kids + Adults)"",""seat_cover_colour"":""Blue"",""seat_cover_material"":""Duroplast""}"
"seat-covers","Seat Covers","Eco Seat Cover","SC-010","","18.00","India","{""jet_provision"":""FALSE"",""sanitary_finish"":""Ivory"",""seat_cover_type"":""Standard"",""seat_cover_colour"":""Ivory"",""seat_cover_material"":""Plastic""}"
"seat-covers","Seat Covers","Heavy Cascade Seat Cover","SC-015","","18.00","India","{""jet_provision"":""FALSE"",""sanitary_finish"":""White"",""seat_cover_type"":""Standard"",""seat_cover_colour"":""White"",""seat_cover_material"":""Duroplast""}"
"seat-covers","Seat Covers","Heavy Regular (EWC) Seat Cover","SC-014","","18.00","India","{""jet_provision"":""FALSE"",""sanitary_finish"":""Ivory"",""seat_cover_type"":""Standard"",""seat_cover_colour"":""Ivory"",""seat_cover_material"":""Duroplast""}"
"seat-covers","Seat Covers","Hydraulic Cascade with Jet Seat Cover","SC-017","","18.00","India","{""jet_provision"":""TRUE"",""sanitary_finish"":""White"",""seat_cover_type"":""Hydraulic"",""seat_cover_colour"":""White"",""seat_cover_material"":""Duroplast""}"
"seat-covers","Seat Covers","Hydraulic Cascade without Jet Seat Cover","SC-024","","18.00","India","{""jet_provision"":""FALSE"",""sanitary_finish"":""White"",""seat_cover_type"":""Hydraulic"",""seat_cover_colour"":""White"",""seat_cover_material"":""Duroplast""}"
"seat-covers","Seat Covers","Hydraulic Elite with Jet Seat Cover","SC-018","","18.00","India","{""jet_provision"":""TRUE"",""sanitary_finish"":""Ivory"",""seat_cover_type"":""Hydraulic"",""seat_cover_colour"":""Ivory"",""seat_cover_material"":""Duroplast""}"
"seat-covers","Seat Covers","Hydraulic Elite without Jet Seat Cover","SC-026","","18.00","India","{""jet_provision"":""FALSE"",""sanitary_finish"":""Ivory"",""seat_cover_type"":""Hydraulic"",""seat_cover_colour"":""Ivory"",""seat_cover_material"":""Duroplast""}"
"seat-covers","Seat Covers","Hydraulic Regular (EWC) with Jet Seat Cover","SC-016","","18.00","India","{""jet_provision"":""TRUE"",""sanitary_finish"":""Ivory"",""seat_cover_type"":""Hydraulic"",""seat_cover_colour"":""Ivory"",""seat_cover_material"":""Duroplast""}"
"seat-covers","Seat Covers","Hydraulic Regular (EWC) without Jet Seat Cover","SC-025","","18.00","India","{""jet_provision"":""FALSE"",""sanitary_finish"":""Ivory"",""seat_cover_type"":""Hydraulic"",""seat_cover_colour"":""Ivory"",""seat_cover_material"":""Duroplast""}"
"seat-covers","Seat Covers","Passion Seat Cover","SC-011","","18.00","India","{""jet_provision"":""FALSE"",""sanitary_finish"":""White"",""seat_cover_type"":""Standard"",""seat_cover_colour"":""Green"",""seat_cover_material"":""Plastic""}"
"seat-covers","Seat Covers","Passion with Jet Seat Cover","SC-012","","18.00","India","{""jet_provision"":""TRUE"",""sanitary_finish"":""Ivory"",""seat_cover_type"":""Standard"",""seat_cover_colour"":""Ivory"",""seat_cover_material"":""Plastic""}"
"showers","Showers","(ABS with Chrome) Round 100mm","SHP-525","","18.00","India","{""shower_size"":""100"",""shower_type"":""Overhead"",""arm_included"":""TRUE"",""shower_shape"":""Round"",""sanitary_finish"":""Chrome""}"
"showers","Showers","(ABS with Chrome) Round 125mm","SHP-524","","18.00","India","{""shower_size"":""125"",""shower_type"":""Overhead"",""arm_included"":""TRUE"",""shower_shape"":""Round"",""sanitary_finish"":""Chrome""}"
"showers","Showers","(ABS with Chrome) Square 100x100mm","SHP-523","","18.00","India","{""shower_size"":""100"",""shower_type"":""Overhead"",""arm_included"":""TRUE"",""shower_shape"":""Square"",""sanitary_finish"":""Chrome""}"
"showers","Showers","(ABS with Chrome) Square 150x150mm","SHP-522","","18.00","India","{""shower_size"":""150"",""shower_type"":""Overhead"",""arm_included"":""TRUE"",""shower_shape"":""Square"",""sanitary_finish"":""Chrome""}"
"showers","Showers","Alpha Overhead Square Shower 4""x4""","SHP-1301","","18.00","India","{""shower_size"":""100"",""shower_type"":""Overhead"",""arm_included"":""TRUE"",""shower_shape"":""Square"",""sanitary_finish"":""Chrome""}"
"showers","Showers","Alpha Pine Overhead Square Shower 4""x4""","SHP-1451","","18.00","India","{""shower_size"":""100"",""shower_type"":""Overhead"",""arm_included"":""TRUE"",""shower_shape"":""Square"",""sanitary_finish"":""Chrome""}"
"showers","Showers","Alpha Pine Square Shower 4""x4"" with 9"" SS Arm","SHP-1454","","18.00","India","{""shower_size"":""100"",""shower_type"":""Overhead"",""arm_included"":""TRUE"",""shower_shape"":""Square"",""sanitary_finish"":""Chrome""}"
"showers","Showers","Alpha Square Shower 4""x4"" with 9"" SS Arm","SHP-1453","","18.00","India","{""shower_size"":""100"",""shower_type"":""Overhead"",""arm_included"":""TRUE"",""shower_shape"":""Square"",""sanitary_finish"":""Chrome""}"
"showers","Showers","Beta Overhead Round Shower 4""","SHP-1302","","18.00","India","{""shower_size"":""100"",""shower_type"":""Overhead"",""arm_included"":""TRUE"",""shower_shape"":""Round"",""sanitary_finish"":""Chrome""}"
"showers","Showers","Dura Flow Adjustable Overhead 75mm with Arm","SHP-526","","18.00","India","{""shower_size"":""75"",""shower_type"":""Overhead"",""arm_included"":""TRUE"",""shower_shape"":""Round"",""sanitary_finish"":""Chrome""}"
"showers","Showers","Dura Flow Adjustable Overhead 75mm with Arm (Chrome)","SHP-527","","18.00","India","{""shower_size"":""75"",""shower_type"":""Overhead"",""arm_included"":""TRUE"",""shower_shape"":""Round"",""sanitary_finish"":""Chrome""}"
"showers","Showers","Edge (SS-304/ABS Frame) 165x165mm","SHP-549","","18.00","India","{""shower_size"":""165"",""shower_type"":""Overhead"",""arm_included"":""TRUE"",""shower_shape"":""Square"",""sanitary_finish"":""Chrome""}"
"showers","Showers","Gamma Overhead Round Shower 5""","SHP-1303","","18.00","India","{""shower_size"":""125"",""shower_type"":""Overhead"",""arm_included"":""TRUE"",""shower_shape"":""Round"",""sanitary_finish"":""Chrome""}"
"showers","Showers","Magic Shower Square","SHP-543","","18.00","India","{""shower_size"":""100"",""shower_type"":""Overhead"",""arm_included"":""TRUE"",""shower_shape"":""Square"",""sanitary_finish"":""Chrome""}"
"showers","Showers","Overhead Pine Shower 3"" with Arm","SHP-1450","","18.00","India","{""shower_size"":""76"",""shower_type"":""Overhead"",""arm_included"":""TRUE"",""shower_shape"":""Round"",""sanitary_finish"":""Chrome""}"
"showers","Showers","Overhead Shower 2"" with Arm","SHP-548","","18.00","India","{""shower_size"":""50"",""shower_type"":""Overhead"",""arm_included"":""TRUE"",""shower_shape"":""Round"",""sanitary_finish"":""Chrome""}"
"showers","Showers","Overhead Shower 3"" with Arm","SHP-539","","18.00","India","{""shower_size"":""76"",""shower_type"":""Overhead"",""arm_included"":""TRUE"",""shower_shape"":""Round"",""sanitary_finish"":""Chrome""}"
"showers","Showers","Overhead Square Shower 4""x4""","SHP-580","","18.00","India","{""shower_size"":""100"",""shower_type"":""Overhead"",""arm_included"":""TRUE"",""shower_shape"":""Square"",""sanitary_finish"":""Chrome""}"
"showers","Showers","Overhead Square Shower 6""x6""","SHP-581","","18.00","India","{""shower_size"":""150"",""shower_type"":""Overhead"",""arm_included"":""TRUE"",""shower_shape"":""Square"",""sanitary_finish"":""Chrome""}"
"showers","Showers","Round Shower with Arm (SS) 100mm, 6"" Arm","SHP-WR-552","","18.00","India","{""shower_size"":""100"",""shower_type"":""Overhead"",""arm_included"":""TRUE"",""shower_shape"":""Round"",""sanitary_finish"":""Chrome""}"
"showers","Showers","Round Shower with Arm (SS) 125mm, 6"" Arm","SHP-WR-551","","18.00","India","{""shower_size"":""125"",""shower_type"":""Overhead"",""arm_included"":""TRUE"",""shower_shape"":""Round"",""sanitary_finish"":""Chrome""}"
"showers","Showers","Sandwich (SS-304) 100x100mm","SHP-537","","18.00","India","{""shower_size"":""100"",""shower_type"":""Overhead"",""arm_included"":""TRUE"",""shower_shape"":""Square"",""sanitary_finish"":""Chrome""}"
"showers","Showers","Sandwich (SS-304) 150x150mm","SHP-521","","18.00","India","{""shower_size"":""150"",""shower_type"":""Overhead"",""arm_included"":""TRUE"",""shower_shape"":""Square"",""sanitary_finish"":""Chrome""}"
"showers","Showers","Sandwich (SS-304) 200x200mm","SHP-538","","18.00","India","{""shower_size"":""200"",""shower_type"":""Overhead"",""arm_included"":""TRUE"",""shower_shape"":""Square"",""sanitary_finish"":""Chrome""}"
"showers","Showers","Square Shower with Arm (SS) 100x100mm, 6"" Arm","SHP-WR-550","","18.00","India","{""shower_size"":""100"",""shower_type"":""Overhead"",""arm_included"":""TRUE"",""shower_shape"":""Square"",""sanitary_finish"":""Chrome""}"
"showers","Showers","Ultra Slim (SS-304) 100x100mm","SHP-528","","18.00","India","{""shower_size"":""100"",""shower_type"":""Overhead"",""arm_included"":""TRUE"",""shower_shape"":""Square"",""sanitary_finish"":""Chrome""}"
"showers","Showers","Ultra Slim (SS-304) 200x200mm","SHP-529","","18.00","India","{""shower_size"":""200"",""shower_type"":""Overhead"",""arm_included"":""TRUE"",""shower_shape"":""Square"",""sanitary_finish"":""Chrome""}"
"sinks","Stainless Steel Sinks","PPKS 18x16x8 Oval Kitchen Sink","PPKS-902","","18.00","India","{""sink_type"":""Single Bowl"",""sink_material"":""SS 304"",""sink_thickness"":""0.8"",""sink_dimensions"":""18x16x8 in""}"
"sinks","Stainless Steel Sinks","PPKS 20x17x8 Oval Kitchen Sink","PPKS-903","","18.00","India","{""sink_type"":""Single Bowl"",""sink_material"":""SS 304"",""sink_thickness"":""0.8"",""sink_dimensions"":""20x17x8 in""}"
"sinks","Stainless Steel Sinks","PPKS 22x18x8 Oval Kitchen Sink","PPKS-904","","18.00","India","{""sink_type"":""Single Bowl"",""sink_material"":""SS 304"",""sink_thickness"":""0.8"",""sink_dimensions"":""22x18x8 in""}"
"sinks","Stainless Steel Sinks","PPKS 24x18x9 Oval Kitchen Sink","PPKS-901","","18.00","India","{""sink_type"":""Single Bowl"",""sink_material"":""SS 304"",""sink_thickness"":""0.8"",""sink_dimensions"":""24x18x9 in""}"
"sinks","Stainless Steel Sinks","PPKS 37x18x8 DB Oval TB Kitchen Sink","PPKS-906","","18.00","India","{""sink_type"":""Double Bowl"",""sink_material"":""SS 304"",""sink_thickness"":""0.8"",""sink_dimensions"":""37x18x8 in""}"
"sinks","Stainless Steel Sinks","PPKS 37x18x8 SB Oval TB Kitchen Sink","PPKS-907","","18.00","India","{""sink_type"":""Single Bowl with Drainboard"",""sink_material"":""SS 304"",""sink_thickness"":""0.8"",""sink_dimensions"":""37x18x8 in""}"
"sinks","Stainless Steel Sinks","PPKS 45x20x9 DB Oval TB Kitchen Sink","PPKS-905","","18.00","India","{""sink_type"":""Double Bowl"",""sink_material"":""SS 304"",""sink_thickness"":""0.8"",""sink_dimensions"":""45x20x9 in""}"
"taps-faucets","Taps & Faucets","2 In 1 Wall Mixer Telephonic With Cruth","BEA-2515","","18.00","India","{""tap_type"":""Wall Mixer"",""handle_type"":""Quarter Turn"",""tap_mounting"":""Wall"",""sanitary_finish"":""Chrome"",""tap_body_material"":""Brass""}"
"taps-faucets","Taps & Faucets","2 In 1 Wall Mixer With L-Bend","BEA-2514","","18.00","India","{""tap_type"":""Wall Mixer"",""handle_type"":""Quarter Turn"",""tap_mounting"":""Wall"",""sanitary_finish"":""Chrome"",""tap_body_material"":""Brass""}"
"taps-faucets","Taps & Faucets","2 Way Angle Cock","TAU-029","","18.00","India","{""tap_type"":""Angle Valve"",""handle_type"":""Quarter Turn"",""tap_mounting"":""Wall"",""sanitary_finish"":""Chrome"",""tap_body_material"":""Brass""}"
"taps-faucets","Taps & Faucets","2 Way Angle Cock","BEA-2505","","18.00","India","{""tap_type"":""Angle Valve"",""handle_type"":""Quarter Turn"",""tap_mounting"":""Wall"",""sanitary_finish"":""Chrome"",""tap_body_material"":""Brass""}"
"taps-faucets","Taps & Faucets","2 Way Angle Cock","PIS-104","","18.00","India","{""tap_type"":""Angle Valve"",""handle_type"":""Quarter Turn"",""tap_mounting"":""Wall"",""sanitary_finish"":""Chrome"",""tap_body_material"":""Brass""}"
"taps-faucets","Taps & Faucets","2 Way Angle Cock (15mm Spindle)","PIS-118","","18.00","India","{""tap_type"":""Angle Valve"",""handle_type"":""Quarter Turn"",""tap_mounting"":""Wall"",""sanitary_finish"":""Chrome"",""tap_body_material"":""Brass""}"
"taps-faucets","Taps & Faucets","2 Way Bib Cock","PIS-105","","18.00","India","{""tap_type"":""Bib Cock"",""handle_type"":""Quarter Turn"",""tap_mounting"":""Wall"",""sanitary_finish"":""Chrome"",""tap_body_material"":""Brass""}"
"taps-faucets","Taps & Faucets","2 Way Bib Cock","TAU-030","","18.00","India","{""tap_type"":""Bib Cock"",""handle_type"":""Quarter Turn"",""tap_mounting"":""Wall"",""sanitary_finish"":""Chrome"",""tap_body_material"":""Brass""}"
"taps-faucets","Taps & Faucets","2 Way Bib Cock","BEA-2504","","18.00","India","{""tap_type"":""Bib Cock"",""handle_type"":""Quarter Turn"",""tap_mounting"":""Wall"",""sanitary_finish"":""Chrome"",""tap_body_material"":""Brass""}"
"taps-faucets","Taps & Faucets","2 Way Bib Cock (15mm Spindle)","PIS-119","","18.00","India","{""tap_type"":""Bib Cock"",""handle_type"":""Quarter Turn"",""tap_mounting"":""Wall"",""sanitary_finish"":""Chrome"",""tap_body_material"":""Brass""}"
"taps-faucets","Taps & Faucets","2 in 1 Wall Mixer Telephonic","PIS-113","","18.00","India","{""tap_type"":""Wall Mixer"",""handle_type"":""Quarter Turn"",""tap_mounting"":""Wall"",""sanitary_finish"":""Chrome"",""tap_body_material"":""Brass""}"
"taps-faucets","Taps & Faucets","2 in 1 Wall Mixer Telephonic","TAU-038","","18.00","India","{""tap_type"":""Wall Mixer"",""handle_type"":""Quarter Turn"",""tap_mounting"":""Wall"",""sanitary_finish"":""Chrome"",""tap_body_material"":""Brass""}"
"taps-faucets","Taps & Faucets","2 in 1 Wall Mixer with 'L' Bend","TAU-039","","18.00","India","{""tap_type"":""Wall Mixer"",""handle_type"":""Quarter Turn"",""tap_mounting"":""Wall"",""sanitary_finish"":""Chrome"",""tap_body_material"":""Brass""}"
"taps-faucets","Taps & Faucets","2 in 1 Wall Mixer with 'L' Bend","PIS-114","","18.00","India","{""tap_type"":""Wall Mixer"",""handle_type"":""Quarter Turn"",""tap_mounting"":""Wall"",""sanitary_finish"":""Chrome"",""tap_body_material"":""Brass""}"
"taps-faucets","Taps & Faucets","Angle Cock","PIS-103","","18.00","India","{""tap_type"":""Angle Valve"",""handle_type"":""Quarter Turn"",""tap_mounting"":""Wall"",""sanitary_finish"":""Chrome"",""tap_body_material"":""Brass""}"
"taps-faucets","Taps & Faucets","Angle Cock","BEA-2503","","18.00","India","{""tap_type"":""Angle Valve"",""handle_type"":""Quarter Turn"",""tap_mounting"":""Wall"",""sanitary_finish"":""Chrome"",""tap_body_material"":""Brass""}"
"taps-faucets","Taps & Faucets","Angle Cock","TAU-028","","18.00","India","{""tap_type"":""Angle Valve"",""handle_type"":""Quarter Turn"",""tap_mounting"":""Wall"",""sanitary_finish"":""Chrome"",""tap_body_material"":""Brass""}"
"taps-faucets","Taps & Faucets","Bib Cock","BEA-2500","","18.00","India","{""tap_type"":""Pillar Cock"",""handle_type"":""Quarter Turn"",""tap_mounting"":""Wall"",""sanitary_finish"":""Chrome"",""tap_body_material"":""Brass""}"
"taps-faucets","Taps & Faucets","Bib Cock","TAU-025","","18.00","India","{""tap_type"":""Bib Cock"",""handle_type"":""Quarter Turn"",""tap_mounting"":""Wall"",""sanitary_finish"":""Chrome"",""tap_body_material"":""Brass""}"
"taps-faucets","Taps & Faucets","Bib Cock","PIS-100","","18.00","India","{""tap_type"":""Bib Cock"",""handle_type"":""Quarter Turn"",""tap_mounting"":""Wall"",""sanitary_finish"":""Chrome"",""tap_body_material"":""Brass""}"
"taps-faucets","Taps & Faucets","Center Hole Basin Mixer","TAU-037","","18.00","India","{""tap_type"":""Basin Mixer"",""handle_type"":""Quarter Turn"",""tap_mounting"":""Deck"",""sanitary_finish"":""Chrome"",""tap_body_material"":""Brass""}"
"taps-faucets","Taps & Faucets","Center Hole Basin Mixer","BEA-2517","","18.00","India","{""tap_type"":""Basin Mixer"",""handle_type"":""Quarter Turn"",""tap_mounting"":""Deck"",""sanitary_finish"":""Chrome"",""tap_body_material"":""Brass""}"
"taps-faucets","Taps & Faucets","Concealed 2 Inlet High Flow Diverter","BEA-2518","","18.00","India","{""tap_type"":""Wall Mixer"",""handle_type"":""Quarter Turn"",""tap_mounting"":""Wall"",""sanitary_finish"":""Chrome"",""tap_body_material"":""Brass""}"
"taps-faucets","Taps & Faucets","Concealed Stop Cock","BEA-2510","","18.00","India","{""tap_type"":""Angle Valve"",""handle_type"":""Quarter Turn"",""tap_mounting"":""Wall"",""sanitary_finish"":""Chrome"",""tap_body_material"":""Brass""}"
"taps-faucets","Taps & Faucets","Long Body Bib Cock","PIS-102","","18.00","India","{""tap_type"":""Bib Cock"",""handle_type"":""Quarter Turn"",""tap_mounting"":""Wall"",""sanitary_finish"":""Chrome"",""tap_body_material"":""Brass""}"
"taps-faucets","Taps & Faucets","Long Body Bib Cock","TAU-027","","18.00","India","{""tap_type"":""Bib Cock"",""handle_type"":""Quarter Turn"",""tap_mounting"":""Wall"",""sanitary_finish"":""Chrome"",""tap_body_material"":""Brass""}"
"taps-faucets","Taps & Faucets","Long Body Bib Cock","BEA-2501","","18.00","India","{""tap_type"":""Pillar Cock"",""handle_type"":""Quarter Turn"",""tap_mounting"":""Wall"",""sanitary_finish"":""Chrome"",""tap_body_material"":""Brass""}"
"taps-faucets","Taps & Faucets","Nozzle Bib Cock","PIS-116","","18.00","India","{""tap_type"":""Bib Cock"",""handle_type"":""Quarter Turn"",""tap_mounting"":""Wall"",""sanitary_finish"":""Chrome"",""tap_body_material"":""Brass""}"
"taps-faucets","Taps & Faucets","Pillar Cock","TAU-026","","18.00","India","{""tap_type"":""Pillar Cock"",""handle_type"":""Quarter Turn"",""tap_mounting"":""Deck"",""sanitary_finish"":""Chrome"",""tap_body_material"":""Brass""}"
"taps-faucets","Taps & Faucets","Pillar Cock","PIS-101","","18.00","India","{""tap_type"":""Pillar Cock"",""handle_type"":""Quarter Turn"",""tap_mounting"":""Deck"",""sanitary_finish"":""Chrome"",""tap_body_material"":""Brass""}"
"taps-faucets","Taps & Faucets","Pillar Cock","BEA-2502","","18.00","India","{""tap_type"":""Pillar Cock"",""handle_type"":""Quarter Turn"",""tap_mounting"":""Deck"",""sanitary_finish"":""Chrome"",""tap_body_material"":""Brass""}"
"taps-faucets","Taps & Faucets","Sink Cock","TAU-031","","18.00","India","{""tap_type"":""Sink Mixer"",""handle_type"":""Quarter Turn"",""tap_mounting"":""Deck"",""sanitary_finish"":""Chrome"",""tap_body_material"":""Brass""}"
"taps-faucets","Taps & Faucets","Sink Cock","BEA-2507","","18.00","India","{""tap_type"":""Sink Mixer"",""handle_type"":""Quarter Turn"",""tap_mounting"":""Deck"",""sanitary_finish"":""Chrome"",""tap_body_material"":""Brass""}"
"taps-faucets","Taps & Faucets","Sink Mixer","PIS-110","","18.00","India","{""tap_type"":""Sink Mixer"",""handle_type"":""Quarter Turn"",""tap_mounting"":""Deck"",""sanitary_finish"":""Chrome"",""tap_body_material"":""Brass""}"
"taps-faucets","Taps & Faucets","Sink Mixer","BEA-2512","","18.00","India","{""tap_type"":""Sink Mixer"",""handle_type"":""Quarter Turn"",""tap_mounting"":""Deck"",""sanitary_finish"":""Chrome"",""tap_body_material"":""Brass""}"
"taps-faucets","Taps & Faucets","Sink Mixer","TAU-035","","18.00","India","{""tap_type"":""Sink Mixer"",""handle_type"":""Quarter Turn"",""tap_mounting"":""Deck"",""sanitary_finish"":""Chrome"",""tap_body_material"":""Brass""}"
"taps-faucets","Taps & Faucets","Swan Neck Pillar Cock","BEA-2506","","18.00","India","{""tap_type"":""Pillar Cock"",""handle_type"":""Quarter Turn"",""tap_mounting"":""Deck"",""sanitary_finish"":""Chrome"",""tap_body_material"":""Brass""}"
"taps-faucets","Taps & Faucets","Swan Neck Pillar Cock","PIS-107","","18.00","India","{""tap_type"":""Pillar Cock"",""handle_type"":""Quarter Turn"",""tap_mounting"":""Deck"",""sanitary_finish"":""Chrome"",""tap_body_material"":""Brass""}"
"taps-faucets","Taps & Faucets","Swan Neck Pillar Cock","TAU-032","","18.00","India","{""tap_type"":""Pillar Cock"",""handle_type"":""Quarter Turn"",""tap_mounting"":""Deck"",""sanitary_finish"":""Chrome"",""tap_body_material"":""Brass""}"
"taps-faucets","Taps & Faucets","Wall Mixer 3 In 1","BEA-2516","","18.00","India","{""tap_type"":""Wall Mixer"",""handle_type"":""Quarter Turn"",""tap_mounting"":""Wall"",""sanitary_finish"":""Chrome"",""tap_body_material"":""Brass""}"
"taps-faucets","Taps & Faucets","Wall Mixer 3 in 1","PIS-115","","18.00","India","{""tap_type"":""Wall Mixer"",""handle_type"":""Quarter Turn"",""tap_mounting"":""Wall"",""sanitary_finish"":""Chrome"",""tap_body_material"":""Brass""}"
"taps-faucets","Taps & Faucets","Wall Mixer 3 in 1","TAU-040","","18.00","India","{""tap_type"":""Wall Mixer"",""handle_type"":""Quarter Turn"",""tap_mounting"":""Wall"",""sanitary_finish"":""Chrome"",""tap_body_material"":""Brass""}"
"taps-faucets","Taps & Faucets","Wall Mixer Non Telephonic","TAU-036","","18.00","India","{""tap_type"":""Wall Mixer"",""handle_type"":""Quarter Turn"",""tap_mounting"":""Wall"",""sanitary_finish"":""Chrome"",""tap_body_material"":""Brass""}"
"taps-faucets","Taps & Faucets","Wall Mixer Non Telephonic","BEA-2513","","18.00","India","{""tap_type"":""Wall Mixer"",""handle_type"":""Quarter Turn"",""tap_mounting"":""Wall"",""sanitary_finish"":""Chrome"",""tap_body_material"":""Brass""}"
"urinals","Urinals","Ignite Urinal","SL-9223","","18.00","India","{""urinal_type"":""Wall Hung"",""sanitary_finish"":""White"",""sensor_operated"":""FALSE""}"
"urinals","Urinals","Maxima Urinal","SL-9220","","18.00","India","{""urinal_type"":""Wall Hung"",""sanitary_finish"":""White"",""sensor_operated"":""FALSE""}"
"urinals","Urinals","Prism Urinal","SL-9224","","18.00","India","{""urinal_type"":""Wall Hung"",""sanitary_finish"":""White"",""sensor_operated"":""FALSE""}"
"urinals","Urinals","Vortex Urinal","SL-9222","","18.00","India","{""urinal_type"":""Wall Hung"",""sanitary_finish"":""White"",""sensor_operated"":""FALSE""}"
"urinals","Urinals","Zion Urinal","SL-9221","","18.00","India","{""urinal_type"":""Wall Hung"",""sanitary_finish"":""White"",""sensor_operated"":""FALSE""}"
"valves","Valves","Eco Angle Cock","ALL-319","","18.00","India","{""valve_size"":""15"",""valve_type"":""Angle"",""valve_body_material"":""Brass""}"
"valves","Valves","Foot Operated Tap","ALL-1059","","18.00","India","{""valve_size"":""15"",""valve_type"":""Foot"",""valve_body_material"":""Brass""}"
"valves","Valves","Turbo Angle Cock","ALL-320","","18.00","India","{""valve_size"":""15"",""valve_type"":""Angle"",""valve_body_material"":""Brass""}"
"valves","Valves","Zen Angle Cock","ALL-1103","","18.00","India","{""valve_size"":""15"",""valve_type"":""Angle"",""valve_body_material"":""Brass""}"
"wash-basins","Wash Basins","Aero Small Basin","SL-9150","","18.00","India","{""tap_hole"":""Single"",""basin_type"":""Wall Mounted"",""basin_shape"":""Rectangular"",""sanitary_finish"":""White"",""basin_dimensions"":""475 x 370 x 180 mm""}"
"wash-basins","Wash Basins","Aries One Piece Wash Basin","SL-9173","","18.00","India","{""tap_hole"":""Single"",""basin_type"":""Pedestal"",""basin_shape"":""Rectangular"",""sanitary_finish"":""White"",""basin_dimensions"":""475 x 410 x 330 mm""}"
"wash-basins","Wash Basins","Astra Basin with Half Pedestal","SL-9201","","18.00","India","{""tap_hole"":""Single"",""basin_type"":""Pedestal"",""basin_shape"":""Rectangular"",""sanitary_finish"":""White"",""basin_dimensions"":""460 x 335 x 418 mm""}"
"wash-basins","Wash Basins","Blaze Table Top Basin","SL-9135","","18.00","India","{""tap_hole"":""Single"",""basin_type"":""Counter Top"",""basin_shape"":""Round"",""sanitary_finish"":""White"",""basin_dimensions"":""430 x 430 x 130 mm""}"
"wash-basins","Wash Basins","Cady Table Top Basin","SL-9136","","18.00","India","{""tap_hole"":""Single"",""basin_type"":""Counter Top"",""basin_shape"":""Round"",""sanitary_finish"":""White"",""basin_dimensions"":""420 x 420 x 125 mm""}"
"wash-basins","Wash Basins","Coral Table Top Basin","SL-9140","","18.00","India","{""tap_hole"":""Single"",""basin_type"":""Counter Top"",""basin_shape"":""Square"",""sanitary_finish"":""White"",""basin_dimensions"":""405 x 405 x 125 mm""}"
"wash-basins","Wash Basins","Cresta Basin with Full Pedestal","SL-9191","","18.00","India","{""tap_hole"":""Single"",""basin_type"":""Pedestal"",""basin_shape"":""Rectangular"",""sanitary_finish"":""White"",""basin_dimensions"":""510 x 395 x 855 mm""}"
"wash-basins","Wash Basins","Dana Table Top Basin","SL-9138","","18.00","India","{""tap_hole"":""Single"",""basin_type"":""Counter Top"",""basin_shape"":""Oval"",""sanitary_finish"":""White"",""basin_dimensions"":""535 x 360 x 112 mm""}"
"wash-basins","Wash Basins","Elite Small Basin","SL-9155","","18.00","India","{""tap_hole"":""Single"",""basin_type"":""Wall Mounted"",""basin_shape"":""Square"",""sanitary_finish"":""White"",""basin_dimensions"":""351 x 347 x 145 mm""}"
"wash-basins","Wash Basins","Enigma Basin with Half Pedestal","SL-9200","","18.00","India","{""tap_hole"":""Single"",""basin_type"":""Pedestal"",""basin_shape"":""Rectangular"",""sanitary_finish"":""White"",""basin_dimensions"":""450 x 350 x 445 mm""}"
"wash-basins","Wash Basins","Falcon Basin with Full Pedestal","SL-9193","","18.00","India","{""tap_hole"":""Single"",""basin_type"":""Pedestal"",""basin_shape"":""Rectangular"",""sanitary_finish"":""White"",""basin_dimensions"":""560 x 450 x 825 mm""}"
"wash-basins","Wash Basins","Flora Table Top Basin","SL-9131","","18.00","India","{""tap_hole"":""Single"",""basin_type"":""Counter Top"",""basin_shape"":""Round"",""sanitary_finish"":""White"",""basin_dimensions"":""400 x 345 x 170 mm""}"
"wash-basins","Wash Basins","Giga Basin with Full Pedestal","SL-9194","","18.00","India","{""tap_hole"":""Single"",""basin_type"":""Pedestal"",""basin_shape"":""Rectangular"",""sanitary_finish"":""White"",""basin_dimensions"":""585 x 455 x 850 mm""}"
"wash-basins","Wash Basins","Glory One Piece Wash Basin","SL-9170","","18.00","India","{""tap_hole"":""Single"",""basin_type"":""Pedestal"",""basin_shape"":""Rectangular"",""sanitary_finish"":""White"",""basin_dimensions"":""350 x 355 x 285 mm""}"
"wash-basins","Wash Basins","Jade Small Basin","SL-9154","","18.00","India","{""tap_hole"":""Single"",""basin_type"":""Wall Mounted"",""basin_shape"":""Rectangular"",""sanitary_finish"":""White"",""basin_dimensions"":""460 x 345 x 155 mm""}"
"wash-basins","Wash Basins","Jazz Basin with Full Pedestal","SL-9192","","18.00","India","{""tap_hole"":""Single"",""basin_type"":""Pedestal"",""basin_shape"":""Rectangular"",""sanitary_finish"":""White"",""basin_dimensions"":""575 x 485 x 870 mm""}"
"wash-basins","Wash Basins","Leo Table Top Basin","SL-9141","","18.00","India","{""tap_hole"":""Single"",""basin_type"":""Counter Top"",""basin_shape"":""Rectangular"",""sanitary_finish"":""White"",""basin_dimensions"":""455 x 335 x 130 mm""}"
"wash-basins","Wash Basins","Luna Small Basin","SL-9151","","18.00","India","{""tap_hole"":""Single"",""basin_type"":""Wall Mounted"",""basin_shape"":""Round"",""sanitary_finish"":""White"",""basin_dimensions"":""425 x 345 x 140 mm""}"
"wash-basins","Wash Basins","Lyra Basin with Half Pedestal","SL-9203","","18.00","India","{""tap_hole"":""Single"",""basin_type"":""Pedestal"",""basin_shape"":""Rectangular"",""sanitary_finish"":""White"",""basin_dimensions"":""560 x 450 x 460 mm""}"
"wash-basins","Wash Basins","Mallow One Piece Wash Basin","SL-9172","","18.00","India","{""tap_hole"":""Single"",""basin_type"":""Pedestal"",""basin_shape"":""Rectangular"",""sanitary_finish"":""White"",""basin_dimensions"":""470 x 435 x 365 mm""}"
"wash-basins","Wash Basins","Nora Table Top Basin","SL-9139","","18.00","India","{""tap_hole"":""Single"",""basin_type"":""Counter Top"",""basin_shape"":""Rectangular"",""sanitary_finish"":""White"",""basin_dimensions"":""555 x 405 x 120 mm""}"
"wash-basins","Wash Basins","Nova Small Basin","SL-9152","","18.00","India","{""tap_hole"":""Single"",""basin_type"":""Wall Mounted"",""basin_shape"":""Rectangular"",""sanitary_finish"":""White"",""basin_dimensions"":""425 x 310 x 135 mm""}"
"wash-basins","Wash Basins","Paris Table Top Basin","SL-9137","","18.00","India","{""tap_hole"":""Single"",""basin_type"":""Counter Top"",""basin_shape"":""Rectangular"",""sanitary_finish"":""White"",""basin_dimensions"":""540 x 410 x 135 mm""}"
"wash-basins","Wash Basins","Rosa Table Top Basin","SL-9132","","18.00","India","{""tap_hole"":""Single"",""basin_type"":""Counter Top"",""basin_shape"":""Rectangular"",""sanitary_finish"":""White"",""basin_dimensions"":""485 x 370 x 130 mm""}"
"wash-basins","Wash Basins","Sage Table Top Basin","SL-9133","","18.00","India","{""tap_hole"":""Single"",""basin_type"":""Counter Top"",""basin_shape"":""Rectangular"",""sanitary_finish"":""White"",""basin_dimensions"":""512 x 405 x 148 mm""}"
"wash-basins","Wash Basins","Sarah Table Top Basin","SL-9142","","18.00","India","{""tap_hole"":""Single"",""basin_type"":""Counter Top"",""basin_shape"":""Rectangular"",""sanitary_finish"":""White"",""basin_dimensions"":""620 x 350 x 105 mm""}"
"wash-basins","Wash Basins","Simon Table Top Basin","SL-9130","","18.00","India","{""tap_hole"":""Single"",""basin_type"":""Counter Top"",""basin_shape"":""Rectangular"",""sanitary_finish"":""White"",""basin_dimensions"":""422 x 335 x 125 mm""}"
"wash-basins","Wash Basins","Swan Table Top Basin","SL-9134","","18.00","India","{""tap_hole"":""Single"",""basin_type"":""Counter Top"",""basin_shape"":""Oval"",""sanitary_finish"":""White"",""basin_dimensions"":""505 x 365 x 130 mm""}"
"wash-basins","Wash Basins","Vega Basin with Half Pedestal","SL-9202","","18.00","India","{""tap_hole"":""Single"",""basin_type"":""Pedestal"",""basin_shape"":""Rectangular"",""sanitary_finish"":""White"",""basin_dimensions"":""510 x 395 x 475 mm""}"
"wash-basins","Wash Basins","Verve Basin with Full Pedestal","SL-9190","","18.00","India","{""tap_hole"":""Single"",""basin_type"":""Pedestal"",""basin_shape"":""Rectangular"",""sanitary_finish"":""White"",""basin_dimensions"":""515 x 415 x 870 mm""}"
"wash-basins","Wash Basins","Verve Small Basin","SL-9156","","18.00","India","{""tap_hole"":""Single"",""basin_type"":""Wall Mounted"",""basin_shape"":""Round"",""sanitary_finish"":""White"",""basin_dimensions"":""362 x 336 x 145 mm""}"
"wash-basins","Wash Basins","Violet One Piece Wash Basin","SL-9171","","18.00","India","{""tap_hole"":""Single"",""basin_type"":""Pedestal"",""basin_shape"":""Rectangular"",""sanitary_finish"":""White"",""basin_dimensions"":""375 x 370 x 260 mm""}"
"wash-basins","Wash Basins","Vita Small Basin","SL-9157","","18.00","India","{""tap_hole"":""Single"",""basin_type"":""Wall Mounted"",""basin_shape"":""Round"",""sanitary_finish"":""White"",""basin_dimensions"":""580 x 500 x 175 mm""}"
"wash-basins","Wash Basins","Viva Small Basin","SL-9153","","18.00","India","{""tap_hole"":""Single"",""basin_type"":""Wall Mounted"",""basin_shape"":""Rectangular"",""sanitary_finish"":""White"",""basin_dimensions"":""450 x 350 x 135 mm""}"
"wash-basins","Wash Basins","Wave Basin with Full Pedestal","SL-9195","","18.00","India","{""tap_hole"":""Single"",""basin_type"":""Pedestal"",""basin_shape"":""Rectangular"",""sanitary_finish"":""White"",""basin_dimensions"":""575 x 430 x 850 mm""}"
"water-closets","Water Closets","Americo One Piece Closet (Washdown)","SL-9094","","18.00","India","{""rimless"":""FALSE"",""wc_type"":""One Piece"",""trap_type"":""S-Trap"",""flush_type"":""Dual"",""wc_material"":""Vitreous China"",""trap_distance"":""250"",""sanitary_finish"":""White""}"
"water-closets","Water Closets","Anglo Indian Water Closet","SL-9213","","18.00","India","{""rimless"":""FALSE"",""wc_type"":""Anglo-Indian"",""trap_type"":""P-Trap"",""flush_type"":""Single"",""wc_material"":""Vitreous China"",""trap_distance"":""225"",""sanitary_finish"":""White""}"
"water-closets","Water Closets","Antonio One Piece Closet (Washdown)","SL-9093","","18.00","India","{""rimless"":""FALSE"",""wc_type"":""One Piece"",""trap_type"":""S-Trap"",""flush_type"":""Dual"",""wc_material"":""Vitreous China"",""trap_distance"":""225"",""sanitary_finish"":""White""}"
"water-closets","Water Closets","City Pan 20""","SL-9231","","18.00","India","{""rimless"":""FALSE"",""wc_type"":""Indian / Orissa"",""trap_type"":""P-Trap"",""wc_material"":""Vitreous China"",""trap_distance"":""225"",""sanitary_finish"":""White""}"
"water-closets","Water Closets","Clara Wall Hung Closet","SL-9117","","18.00","India","{""rimless"":""FALSE"",""wc_type"":""Wall Hung"",""trap_type"":""Wall-hung"",""flush_type"":""Dual"",""wc_material"":""Vitreous China"",""trap_distance"":""225"",""sanitary_finish"":""White""}"
"water-closets","Water Closets","Dave Wall Hung Closet (Rimless)","SL-9115","","18.00","India","{""rimless"":""TRUE"",""wc_type"":""Wall Hung"",""trap_type"":""Wall-hung"",""flush_type"":""Dual"",""wc_material"":""Vitreous China"",""trap_distance"":""225"",""sanitary_finish"":""White""}"
"water-closets","Water Closets","Delta Water Closet","SL-9211","","18.00","India","{""rimless"":""FALSE"",""wc_type"":""Two Piece"",""trap_type"":""S-Trap"",""flush_type"":""Single"",""wc_material"":""Vitreous China"",""trap_distance"":""225"",""sanitary_finish"":""White""}"
"water-closets","Water Closets","Elena One Piece Closet (Rimless Siphonic)","SL-9095","","18.00","India","{""rimless"":""TRUE"",""wc_type"":""One Piece"",""trap_type"":""S-Trap"",""flush_type"":""Dual"",""wc_material"":""Vitreous China"",""trap_distance"":""250"",""sanitary_finish"":""White""}"
"water-closets","Water Closets","Enrico One Piece Closet (Rimless Siphonic)","SL-9097","","18.00","India","{""rimless"":""TRUE"",""wc_type"":""One Piece"",""trap_type"":""S-Trap"",""flush_type"":""Dual"",""wc_material"":""Vitreous China"",""trap_distance"":""250"",""sanitary_finish"":""White""}"
"water-closets","Water Closets","Eric Wall Hung Closet","SL-9114","","18.00","India","{""rimless"":""FALSE"",""wc_type"":""Wall Hung"",""trap_type"":""Wall-hung"",""flush_type"":""Dual"",""wc_material"":""Vitreous China"",""trap_distance"":""225"",""sanitary_finish"":""White""}"
"water-closets","Water Closets","Flat Orrisa Pan 20""","SL-9232","","18.00","India","{""rimless"":""FALSE"",""wc_type"":""Indian / Orissa"",""trap_type"":""P-Trap"",""wc_material"":""Vitreous China"",""trap_distance"":""225"",""sanitary_finish"":""White""}"
"water-closets","Water Closets","Levi Wall Hung Closet (Rimless)","SL-9116","","18.00","India","{""rimless"":""TRUE"",""wc_type"":""Wall Hung"",""trap_type"":""Wall-hung"",""flush_type"":""Dual"",""wc_material"":""Vitreous China"",""trap_distance"":""225"",""sanitary_finish"":""White""}"
"water-closets","Water Closets","Loris One Piece Closet (Washdown)","SL-9090","","18.00","India","{""rimless"":""FALSE"",""wc_type"":""One Piece"",""trap_type"":""S-Trap"",""flush_type"":""Dual"",""wc_material"":""Vitreous China"",""trap_distance"":""225"",""sanitary_finish"":""White""}"
"water-closets","Water Closets","Lumos Water Closet","SL-9210","","18.00","India","{""rimless"":""FALSE"",""wc_type"":""Two Piece"",""trap_type"":""S-Trap"",""flush_type"":""Single"",""wc_material"":""Vitreous China"",""trap_distance"":""225"",""sanitary_finish"":""White""}"
"water-closets","Water Closets","Marco One Piece Closet (Washdown)","SL-9092","","18.00","India","{""rimless"":""FALSE"",""wc_type"":""One Piece"",""trap_type"":""S-Trap"",""flush_type"":""Dual"",""wc_material"":""Vitreous China"",""trap_distance"":""225"",""sanitary_finish"":""White""}"
"water-closets","Water Closets","Mike Wall Hung Closet","SL-9113","","18.00","India","{""rimless"":""FALSE"",""wc_type"":""Wall Hung"",""trap_type"":""Wall-hung"",""flush_type"":""Dual"",""wc_material"":""Vitreous China"",""trap_distance"":""225"",""sanitary_finish"":""White""}"
"water-closets","Water Closets","Orrisa Pan 20""","SL-9230","","18.00","India","{""rimless"":""FALSE"",""wc_type"":""Indian / Orissa"",""trap_type"":""P-Trap"",""wc_material"":""Vitreous China"",""trap_distance"":""225"",""sanitary_finish"":""White""}"
"water-closets","Water Closets","Orrisa Pan 23""","SL-9233","","18.00","India","{""rimless"":""FALSE"",""wc_type"":""Indian / Orissa"",""trap_type"":""P-Trap"",""wc_material"":""Vitreous China"",""trap_distance"":""225"",""sanitary_finish"":""White""}"
"water-closets","Water Closets","Romano One Piece Closet (Washdown)","SL-9091","","18.00","India","{""rimless"":""FALSE"",""wc_type"":""One Piece"",""trap_type"":""S-Trap"",""flush_type"":""Dual"",""wc_material"":""Vitreous China"",""trap_distance"":""225"",""sanitary_finish"":""White""}"
"water-closets","Water Closets","Solara One Piece Closet (Siphonic)","SL-9096","","18.00","India","{""rimless"":""FALSE"",""wc_type"":""One Piece"",""trap_type"":""S-Trap"",""flush_type"":""Dual"",""wc_material"":""Vitreous China"",""trap_distance"":""250"",""sanitary_finish"":""White""}"
"water-closets","Water Closets","Solis Water Closet","SL-9214","","18.00","India","{""rimless"":""FALSE"",""wc_type"":""Two Piece"",""trap_type"":""S-Trap"",""flush_type"":""Single"",""wc_material"":""Vitreous China"",""trap_distance"":""225"",""sanitary_finish"":""White""}"
"water-closets","Water Closets","Spectra Water Closet","SL-9212","","18.00","India","{""rimless"":""FALSE"",""wc_type"":""Two Piece"",""trap_type"":""S-Trap"",""flush_type"":""Single"",""wc_material"":""Vitreous China"",""trap_distance"":""225"",""sanitary_finish"":""White""}"